MntWines,MntFruits,MntMeatProducts,MntFishProducts,MntSweetProducts,MntGoldProds,Income,Kidhome
635,88,546,172,88,88,58138.0,0
11,1,6,2,1,6,46344.0,1
426,49,127,111,21,42,71613.0,0
11,4,20,10,3,5,26646.0,1
173,43,118,46,27,15,58293.0,1
520,42,98,0,42,14,62513.0,0
235,65,164,50,49,27,55635.0,0
76,10,56,3,1,23,33454.0,1
14,0,24,3,3,2,30351.0,1
28,0,6,1,1,13,5648.0,1
6,16,11,11,1,16,7500.0,0
194,61,480,225,112,30,63033.0,0
233,2,53,3,5,14,59354.0,1
3,14,17,6,1,5,17323.0,0
1006,22,115,59,68,45,82800.0,0
53,5,19,2,13,4,41850.0,1
84,5,38,150,12,28,37760.0,0
1012,80,498,0,16,176,76995.0,0
4,17,19,30,24,39,33812.0,1
86,2,73,69,38,48,37040.0,0
1,1,1725,1,1,1,2447.0,1
867,0,86,0,0,19,58607.0,0
384,0,102,21,32,5,65324.0,0
270,3,27,39,6,99,40689.0,0
6,4,25,15,12,13,18589.0,0
173,4,30,3,6,41,53359.0,1
36,2,42,20,21,10,38360.0,1
684,100,801,21,66,0,84618.0,0
8,4,10,2,2,4,10979.0,0
112,17,44,34,22,89,38620.0,0
110,0,5,2,0,3,40548.0,0
96,12,96,33,22,43,46610.0,0
482,34,471,119,68,22,68657.0,0
40,0,19,2,1,3,49389.0,1
702,17,151,0,8,35,67353.0,0
6,3,14,15,7,36,23718.0,1
55,0,6,2,0,4,42429.0,0
437,8,206,160,49,42,48948.0,0
421,76,536,82,178,102,80011.0,0
13,1,29,3,0,7,20559.0,1
9,0,6,3,1,3,21994.0,0
3,1,10,3,2,12,7500.0,1
123,164,266,227,30,174,79941.0,0
3,18,14,15,22,50,7500.0,0
13,6,15,3,5,13,41728.0,1
826,50,317,50,38,38,72550.0,1
245,19,125,37,67,14,65486.0,0
650,37,780,27,167,32,79143.0,0
12,6,20,30,1,3,35790.0,1
510,120,550,156,40,241,82582.0,0
328,9,124,12,24,109,66373.0,1
984,51,432,180,120,190,82384.0,0
295,35,482,121,120,40,70287.0,0
13,0,8,2,1,5,27938.0,1
447,0,28,0,0,43,55954.0,0
712,26,538,69,13,80,75777.0,0
452,18,102,16,18,6,66653.0,1
523,7,134,37,14,169,61823.0,0
546,0,48,0,6,6,67680.0,0
398,40,367,119,122,30,70666.0,0
1,3,6,3,6,15,25721.0,1
10,0,1,0,0,0,32474.0,1
688,14,309,201,24,38,88194.0,0
247,49,159,7,82,109,69096.0,0
856,59,487,58,29,73,74854.0,1
496,36,460,189,60,12,66991.0,0
258,107,291,84,37,86,65031.0,0
565,6,65,0,6,19,60631.0,1
14,10,13,4,15,9,28332.0,0
2,1,6,2,1,1,40246.0,1
721,111,925,97,18,18,75251.0,0
1032,105,779,137,105,51,75825.0,0
1,0,5,0,3,9,26326.0,0
577,0,64,0,0,51,56046.0,0
64,4,68,7,5,17,29760.0,1
4,1,5,2,0,4,26304.0,1
25,5,19,7,0,23,23559.0,1
112,17,44,34,22,89,38620.0,0
163,23,424,27,65,76,81361.0,0
17,8,14,10,4,3,29440.0,1
130,0,16,0,0,5,36138.0,1
292,6,37,0,3,34,50388.0,0
350,60,568,110,133,145,79593.0,0
135,9,39,4,0,7,54178.0,0
15,2,10,0,1,4,42394.0,1
27,2,14,0,0,0,23626.0,1
5,3,11,12,5,9,30096.0,1
505,0,26,0,0,75,47916.0,0
51,2,7,0,1,2,51813.0,1
207,26,447,75,0,223,78497.0,0
135,46,92,65,61,11,50150.0,0
53,1,5,2,1,10,47823.0,0
41,1,6,2,0,5,34554.0,0
386,172,183,185,132,111,85693.0,0
562,81,276,80,40,81,65846.0,0
217,76,690,50,26,38,87195.0,0
1,3,6,10,0,9,24594.0,1
144,1,32,2,1,7,49096.0,1
295,106,271,75,98,65,52413.0,0
76,3,31,4,4,27,38557.0,1
454,194,106,31,22,43,89058.0,0
425,115,292,23,35,79,77298.0,0
1332,17,311,23,51,86,68126.0,0
527,0,21,0,0,60,57288.0,0
490,44,125,29,20,22,86037.0,0
378,0,101,0,0,72,43974.0,1
64,1,21,0,1,27,50785.0,1
547,99,812,151,82,33,90765.0,0
47,90,94,123,103,120,36550.0,1
12,5,25,0,9,30,30753.0,1
1,6,7,11,5,3,21918.0,1
320,48,133,39,72,48,56129.0,0
34,3,29,0,4,10,32557.0,1
9,0,7,3,4,7,19510.0,2
17,0,14,7,3,2,30992.0,1
722,27,102,44,72,168,101970.0,0
162,33,124,40,28,172,71488.0,0
450,133,951,173,0,216,79607.0,0
70,0,16,0,0,4,54348.0,1
492,19,110,16,12,12,77376.0,1
120,58,73,65,89,58,62998.0,0
534,5,47,0,5,41,61331.0,1
236,106,189,23,41,130,73448.0,0
220,0,33,3,0,23,41551.0,1
796,14,590,38,44,0,62981.0,0
0,1,3,10,6,9,9548.0,1
53,1,34,2,0,16,33762.0,2
15,0,8,4,2,20,35860.0,1
17,1,12,3,1,4,36921.0,1
962,61,921,52,61,20,92859.0,0
738,0,232,13,20,50,65104.0,0
399,28,756,36,40,126,86111.0,0
614,16,132,43,33,33,68352.0,0
32,34,41,73,16,116,41883.0,1
598,16,141,32,41,49,59809.0,0
2,1,18,20,11,16,23957.0,1
6,1,10,0,1,4,38547.0,1
73,3,90,12,1,32,35688.0,2
42,16,29,12,20,8,49605.0,0
295,21,78,39,13,13,59354.0,0
346,17,48,23,13,13,65747.0,0
233,20,57,8,20,91,46344.0,0
5,7,24,19,14,20,34176.0,1
888,0,57,0,0,76,61010.0,0
997,26,269,34,13,42,69372.0,0
212,6,69,4,12,3,49967.0,0
8,1,7,2,0,0,60199.0,1
42,11,57,10,28,14,55375.0,0
536,11,387,149,91,57,80317.0,0
5,0,3,0,0,5,30523.0,2
1349,16,249,43,16,33,70356.0,0
53,3,49,7,4,5,23228.0,1
1001,12,240,16,12,12,74165.0,0
20,2,1582,1,2,1,157243.0,0
18,1,32,6,3,28,43482.0,2
125,16,98,134,21,27,62551.0,0
212,5,33,7,0,2,52332.0,0
277,162,305,173,76,124,66951.0,0
15,10,19,8,17,20,26091.0,1
7,3,10,8,1,7,33456.0,1
12,4,6,11,8,16,28718.0,1
85,7,24,2,3,27,50447.0,2
81,0,6,0,0,6,53537.0,1
59,0,12,0,0,48,52074.0,0
1149,71,449,69,71,26,80427.0,0
847,66,119,86,89,111,83837.0,0
29,0,14,0,0,2,38853.0,1
2,0,5,2,0,1,38285.0,2
207,26,447,75,0,223,78497.0,0
152,3,22,2,5,7,51650.0,0
12,11,10,3,12,9,16248.0,1
620,26,195,34,17,141,66835.0,0
47,1,6,0,0,12,30477.0,1
1,9,7,2,14,10,28249.0,0
10,1,18,10,4,7,25271.0,1
35,0,2,0,0,2,32303.0,0
356,0,107,19,9,117,61286.0,0
783,30,537,140,76,15,74068.0,0
42,1,18,3,0,4,45759.0,1
1,4,10,29,0,36,24882.0,1
466,22,432,147,113,102,66973.0,0
15,6,8,7,4,25,36640.0,1
23,3,21,3,19,22,38872.0,1
235,6,45,8,9,12,51148.0,1
10,0,10,3,1,7,31353.0,1
656,16,106,32,16,8,69661.0,0
519,17,813,27,173,51,80067.0,0
344,189,482,50,33,172,86718.0,0
96,1,79,7,1,79,46854.0,1
448,4,34,6,4,39,69142.0,0
265,138,553,224,23,92,75922.0,0
587,43,337,42,87,54,63693.0,0
763,29,138,76,176,58,102160.0,0
22,0,13,0,0,3,40637.0,1
6,4,1,7,2,15,18890.0,0
7,6,13,7,6,14,29604.0,1
81,18,113,47,13,21,48721.0,1
54,0,7,0,0,4,44794.0,0
1170,48,320,42,32,192,64497.0,0
72,24,68,65,4,8,46097.0,0
613,22,319,33,102,12,77972.0,0
224,0,30,0,0,10,44377.0,1
410,0,59,19,9,44,46014.0,1
239,10,554,254,87,54,70951.0,0
171,7,171,25,19,89,41443.0,1
12,0,4,0,0,1,52195.0,2
1076,16,417,42,48,16,83790.0,0
182,4,33,0,0,66,44551.0,0
824,32,162,42,32,43,69508.0,1
30,11,25,29,1,18,45204.0,1
377,10,540,80,30,10,72460.0,0
520,7,154,19,0,14,77622.0,0
155,1,25,0,1,3,30732.0,1
897,23,207,15,11,92,63887.0,0
131,0,16,2,1,39,42011.0,1
297,7,79,0,11,182,51369.0,0
787,20,204,0,0,92,51537.0,0
792,86,740,67,51,17,79930.0,0
4,1,9,3,0,0,34320.0,1
231,7,137,4,15,39,37070.0,1
983,76,184,180,138,27,81975.0,0
3,1,8,4,3,3,38590.0,1
0,4,5,6,0,4,15033.0,0
562,21,464,28,10,32,62745.0,0
5,9,20,6,8,21,22212.0,1
18,0,4,0,0,1,23661.0,1
415,5,124,15,35,11,79761.0,0
5,3,10,12,7,20,7500.0,1
8,0,5,7,0,2,60182.0,0
901,61,757,186,163,20,73455.0,0
382,114,276,75,124,38,64961.0,0
14,1,7,2,1,1,22804.0,1
559,153,503,218,13,181,73687.0,0
789,0,133,0,28,152,61074.0,0
11,0,5,0,0,1,31686.0,1
1218,16,272,104,0,80,80134.0,1
925,64,179,133,12,77,75027.0,0
864,134,768,150,38,172,67546.0,0
960,28,183,220,70,70,65176.0,0
16,3,25,6,1,13,31160.0,1
3,3,7,0,2,11,29938.0,1
168,148,444,32,172,148,102692.0,0
45,47,52,21,20,25,26490.0,0
650,28,353,45,42,30,75702.0,1
24,0,8,0,0,1,30899.0,1
918,21,118,13,10,21,63342.0,0
138,33,87,28,24,12,45989.0,0
12,4,2,10,6,10,18701.0,1
11,0,4,0,0,2,40737.0,2
1,2,8,4,3,13,15287.0,1
554,41,215,11,0,24,69674.0,0
167,2,62,24,13,7,44159.0,1
9,0,6,4,1,5,37717.0,1
177,2,71,3,2,20,43776.0,1
38,4,22,4,2,20,38179.0,1
483,84,398,205,84,241,80124.0,0
77,2,35,0,1,69,38097.0,1
182,74,298,162,149,116,72940.0,0
10,7,19,8,2,21,22070.0,1
778,44,499,95,73,146,69267.0,0
16,7,23,0,8,6,31788.0,1
167,0,43,6,2,13,61905.0,0
13,2,14,8,7,4,29315.0,1
33,6,40,3,7,10,33378.0,1
625,7,99,10,22,7,66313.0,0
216,162,224,101,92,162,60714.0,0
68,129,396,188,22,15,77882.0,0
196,0,512,33,130,54,69867.0,0
635,15,100,20,7,131,63841.0,0
4,19,9,28,25,17,24480.0,1
297,7,79,0,11,182,51369.0,0
84,5,38,150,12,28,37760.0,0
204,7,149,20,15,66,65640.0,0
26,0,8,0,0,3,44319.0,1
15,6,20,4,5,20,30631.0,1
304,98,230,150,74,74,75278.0,0
285,28,242,55,114,135,50898.0,1
395,183,565,166,141,28,79946.0,0
248,3,81,4,3,51,35416.0,0
20,6,5,0,9,12,32414.0,0
39,0,56,20,8,14,38361.0,1
777,129,573,216,21,203,82497.0,0
8,3,22,21,1,13,16626.0,2
9,1,3,0,4,8,29672.0,1
1241,0,80,0,13,40,55951.0,0
6,4,7,4,3,8,35388.0,1
65,4,16,0,4,11,42386.0,1
395,15,263,60,54,38,68627.0,0
801,0,80,0,0,35,57912.0,0
36,0,12,2,2,10,35246.0,1
513,14,154,19,0,28,58821.0,0
37,0,46,4,3,0,46377.0,1
80,15,93,20,13,52,39747.0,1
14,1,21,2,3,25,23976.0,1
525,147,112,219,147,63,80950.0,0
1,26,25,17,23,15,27038.0,0
675,11,400,15,45,11,77457.0,0
509,0,27,0,0,10,64100.0,0
154,2,46,20,4,15,42670.0,0
3,5,14,2,12,17,12571.0,1
25,0,8,2,0,2,22574.0,2
768,44,561,77,44,14,70893.0,0
185,0,28,3,2,17,54198.0,1
24,0,7,0,0,1,28839.0,1
44,4,21,6,0,27,40321.0,1
91,64,128,65,3,50,66503.0,1
11,0,7,3,1,6,30833.0,1
412,5,119,38,29,77,64795.0,0
3,3,7,6,2,9,34421.0,1
16,0,3,0,0,1,47025.0,1
731,60,353,78,12,73,64325.0,0
424,17,118,7,23,41,40464.0,0
792,0,275,45,45,126,62187.0,0
21,2,28,3,2,9,14849.0,1
22,1,11,0,1,2,27255.0,1
33,0,5,0,0,0,54432.0,2
68,7,59,10,5,11,29999.0,1
9,1,6,3,0,4,24072.0,1
40,2,15,8,0,6,33996.0,0
909,11,218,0,0,23,66334.0,0
23,1,13,2,2,18,35178.0,1
11,2,9,3,0,8,22010.0,1
317,46,247,151,46,139,62204.0,0
797,153,293,72,97,30,75693.0,0
10,2,16,11,2,21,30675.0,1
856,61,570,40,25,122,83003.0,0
755,144,562,104,64,224,83532.0,0
456,19,832,75,118,38,68655.0,0
37,32,38,11,3,18,41411.0,0
1103,0,45,0,0,34,55212.0,0
378,14,68,19,14,14,59292.0,0
1,6,7,0,1,3,27190.0,1
204,34,204,172,153,173,82623.0,0
30,0,9,0,0,3,44300.0,1
189,104,379,111,189,218,84835.0,0
15,0,12,7,3,7,30372.0,1
9,0,3,0,0,4,33181.0,1
495,33,255,11,33,8,71113.0,0
656,80,455,52,107,93,71952.0,1
452,20,514,13,30,0,69759.0,0
546,91,410,119,0,22,72099.0,0
1048,0,217,0,0,12,60000.0,0
22,2,14,0,1,10,38643.0,1
78,0,11,0,0,10,50737.0,0
561,64,785,84,128,48,68462.0,0
629,17,177,69,0,8,65073.0,0
269,15,69,15,19,38,46681.0,0
736,163,818,212,163,61,78618.0,0
512,0,83,0,0,41,62187.0,0
19,3,10,11,8,6,28442.0,2
9,0,6,4,1,5,37717.0,1
247,8,160,6,8,65,51479.0,1
404,0,92,28,27,142,54803.0,0
333,0,815,129,42,29,79530.0,0
2,3,20,6,11,9,31615.0,1
833,33,549,151,133,233,72025.0,0
789,0,142,12,9,38,52614.0,0
10,4,7,0,6,3,35684.0,1
159,4,45,6,2,38,48178.0,1
7,1,6,3,1,11,29548.0,1
977,12,253,16,12,101,63810.0,0
38,4,22,3,3,3,38578.0,1
57,0,27,0,0,36,46098.0,1
3,9,15,13,2,39,22585.0,0
10,4,14,4,4,1,30279.0,1
1043,24,97,32,24,157,66426.0,0
3,9,13,2,12,12,30822.0,1
11,0,5,0,0,1,33581.0,2
3,6,5,0,2,6,19986.0,1
43,12,96,78,40,55,27421.0,0
73,3,90,12,1,32,35688.0,2
12,0,1,0,0,6,36143.0,1
4,7,7,6,4,13,10245.0,1
314,11,53,4,3,107,43795.0,0
571,50,142,33,50,159,63381.0,0
70,0,11,2,8,23,38823.0,0
866,21,151,28,21,86,83664.0,1
594,134,786,33,134,57,90300.0,0
140,4,61,0,13,4,62499.0,1
375,152,335,93,91,81,74293.0,0
102,9,63,2,9,24,51012.0,0
554,35,113,0,7,78,70777.0,0
919,0,505,99,30,45,68682.0,0
96,1,42,12,3,32,43824.0,1
5,2,16,3,2,19,15345.0,1
2,0,6,8,6,5,23442.0,1
6,4,9,6,36,35,14515.0,1
23,1,25,0,8,7,31395.0,1
610,105,125,137,42,21,75276.0,0
67,5,61,3,8,19,42373.0,1
65,36,74,38,20,110,30507.0,0
416,0,26,0,0,4,55521.0,1
23,0,11,3,2,2,48006.0,1
19,3,26,10,9,3,27213.0,1
155,7,80,13,7,10,65808.0,1
14,0,24,3,3,2,30351.0,1
370,9,92,6,9,4,50437.0,0
4,22,11,3,7,32,23616.0,1
407,53,221,58,150,26,53858.0,0
1200,0,204,38,29,14,66465.0,0
85,44,54,102,78,6,46923.0,1
583,34,309,0,22,125,75072.0,0
483,0,591,156,0,12,75865.0,0
2,5,9,28,6,28,19789.0,1
966,26,282,52,26,26,80134.0,0
822,114,108,179,137,114,91065.0,0
604,0,100,19,0,28,49505.0,1
19,3,19,3,1,3,37401.0,1
5,3,11,12,5,9,30096.0,1
2,2,2,2,1,1,18492.0,1
1076,68,103,29,91,68,82584.0,0
1285,42,716,55,0,21,93027.0,0
10,0,7,2,0,1,48686.0,1
551,137,792,179,103,33,92910.0,0
800,0,297,0,34,57,75433.0,1
2,2,11,10,6,12,10404.0,1
378,0,189,97,172,172,61314.0,0
1248,16,349,43,16,16,84865.0,0
235,0,235,19,4,191,42387.0,1
515,47,181,149,95,95,67309.0,1
438,66,400,12,38,114,75236.0,0
25,0,22,2,3,5,30015.0,1
31,0,7,2,0,6,50943.0,0
357,35,271,28,28,14,67272.0,0
400,4,35,6,0,22,51529.0,0
99,0,15,2,1,5,32011.0,1
1,11,5,4,6,9,7500.0,1
5,4,13,8,0,4,28691.0,1
77,28,31,16,0,4,56223.0,0
3,1,2,4,3,1,18100.0,0
10,4,14,4,4,1,30279.0,1
0,6,3,7,6,12,20130.0,0
0,0,1,2,12,5,23295.0,0
76,14,74,13,5,10,42618.0,1
398,190,537,61,156,37,81246.0,0
14,7,11,11,0,5,24027.0,1
208,7,82,30,66,35,55707.0,0
430,16,322,43,24,33,57959.0,0
656,38,161,62,47,37,56796.0,0
14,2,30,8,2,3,36230.0,1
141,70,106,72,19,23,70829.0,1
507,19,364,25,47,9,65991.0,0
164,24,103,12,3,42,38988.0,1
606,24,974,197,194,64,89572.0,0
116,11,72,3,17,46,42207.0,1
143,15,60,24,23,5,50300.0,0
398,96,447,220,96,32,66664.0,0
522,0,257,32,16,66,60597.0,0
161,0,253,199,191,122,70165.0,0
112,0,6,2,1,14,50520.0,0
483,84,398,205,84,241,80124.0,0
7,5,39,17,15,37,33183.0,1
789,25,420,16,38,0,66582.0,0
1239,17,413,23,34,17,75261.0,0
4,1,5,2,0,3,31880.0,1
335,42,127,28,5,5,53790.0,0
639,8,166,11,8,58,49269.0,1
563,76,384,84,192,89,61456.0,0
2,0,8,2,2,3,37406.0,1
746,8,125,11,8,8,56937.0,1
22,1,13,4,0,4,38415.0,1
4,1,6,4,1,9,20518.0,1
478,0,193,110,75,117,62503.0,0
20,3,4,2,0,2,41644.0,1
451,0,39,0,4,24,55842.0,0
371,22,39,6,0,92,62010.0,0
281,7,84,15,0,119,41124.0,1
19,7,19,0,1,24,38961.0,1
26,3,13,2,10,0,37760.0,1
138,15,35,25,11,72,32233.0,1
213,2,44,0,2,5,43057.0,0
407,28,100,120,74,18,83151.0,0
483,74,114,169,37,18,78825.0,0
738,0,232,13,20,50,65104.0,0
502,12,109,16,6,90,60093.0,0
11,0,5,2,1,1,14045.0,1
24,1,108,29,29,14,28457.0,0
1170,19,594,99,76,134,78952.0,0
185,2,88,15,5,14,46310.0,1
983,20,389,240,50,40,76005.0,0
691,0,69,10,0,130,58308.0,0
504,13,131,8,0,26,55614.0,0
317,25,265,25,19,12,59432.0,0
29,1,9,2,0,2,55563.0,0
1396,0,322,46,35,17,78642.0,0
529,0,356,63,28,0,67911.0,0
388,14,218,91,14,21,65275.0,0
13,2,21,4,0,24,27203.0,1
28,0,4,0,0,0,48330.0,0
16,36,21,20,62,108,24279.0,0
1047,0,140,67,38,153,64355.0,1
31,0,7,2,0,6,50943.0,0
815,10,239,28,10,108,53653.0,0
225,162,387,106,36,29,65665.0,0
493,70,324,146,40,84,81217.0,0
34,4,66,3,10,20,34935.0,0
382,138,65,60,26,59,61250.0,0
127,1,56,0,1,31,39665.0,1
325,83,300,86,58,91,60152.0,0
238,17,68,8,10,6,48920.0,0
1168,92,408,72,129,55,89120.0,0
284,0,55,0,6,52,44124.0,0
1288,20,613,80,61,27,81169.0,0
65,0,46,4,3,20,36443.0,1
11,7,9,3,1,11,26095.0,1
227,23,389,42,21,75,71367.0,0
1035,134,670,25,38,0,80184.0,0
27,1,12,2,0,10,30630.0,1
982,73,351,56,14,175,73454.0,0
179,2,64,38,17,58,42691.0,0
1379,33,216,0,33,66,70503.0,0
32,1,64,16,12,85,25545.0,1
8,4,15,7,6,2,32880.0,1
881,38,319,16,25,12,77863.0,0
141,15,153,67,31,35,50353.0,0
1000,155,379,224,17,120,61839.0,0
206,10,67,30,27,71,49154.0,1
162,61,83,97,57,61,47682.0,0
619,54,260,127,54,54,72679.0,0
456,4,24,0,0,9,57954.0,1
112,6,92,3,9,38,65316.0,1
11,3,22,2,2,6,28567.0,1
172,12,112,8,0,15,47352.0,0
78,0,11,0,0,7,44931.0,0
464,151,292,65,60,30,76982.0,0
99,4,32,37,54,6,57247.0,0
19,3,19,4,5,26,22944.0,1
1,9,8,11,3,22,25315.0,1
63,10,83,7,19,19,43638.0,0
252,3,42,4,3,102,42710.0,1
1478,19,403,0,19,0,84169.0,0
198,18,252,32,108,54,54058.0,0
8,4,10,6,7,6,24683.0,1
416,46,925,60,107,46,85620.0,0
42,7,43,20,12,10,47850.0,1
14,3,21,2,1,28,19514.0,1
17,0,3,0,0,1,27159.0,1
15,4,10,3,4,18,39548.0,1
6,16,24,11,0,34,21474.0,1
458,0,24,6,4,34,60504.0,0
30,3,47,19,21,42,22419.0,0
179,28,520,111,123,47,81698.0,0
90,17,97,15,6,15,43462.0,1
308,85,137,102,45,118,54880.0,1
557,129,761,29,185,111,79908.0,0
7,4,13,15,8,17,15315.0,0
1492,38,287,50,57,33,87771.0,0
30,8,12,8,8,12,33039.0,1
249,153,940,58,134,38,81741.0,0
465,25,132,136,0,37,71499.0,0
129,129,259,168,121,83,62466.0,0
174,18,81,28,6,24,48799.0,0
189,2,29,3,2,40,52157.0,0
747,10,161,65,40,42,66565.0,0
6,0,2,2,0,1,29298.0,1
14,0,3,0,0,4,47691.0,0
12,0,4,0,0,1,38200.0,1
98,0,106,49,10,106,44989.0,0
32,0,5,0,0,1,38443.0,1
51,12,49,17,24,24,38593.0,1
200,5,44,0,10,20,64413.0,0
25,6,25,6,0,0,36959.0,1
1050,12,144,0,0,24,61996.0,0
117,0,22,13,0,30,51287.0,1
9,4,17,10,2,7,13260.0,1
56,0,11,0,0,8,47472.0,1
145,13,46,17,2,4,54603.0,1
203,0,10,0,0,2,45207.0,1
270,3,27,39,6,99,40689.0,0
9,0,16,6,6,10,47821.0,1
37,12,23,8,11,52,27450.0,0
46,0,7,0,0,2,39453.0,1
31,1,13,7,2,9,26850.0,1
1060,21,530,32,0,224,79800.0,0
264,47,188,54,47,11,61794.0,0
399,4,30,6,4,30,53863.0,0
8,9,9,2,5,22,24221.0,0
19,0,35,6,4,17,39684.0,1
817,183,797,106,163,20,92163.0,0
292,127,635,132,127,165,69882.0,0
12,6,2,11,2,16,33178.0,1
130,30,168,20,34,0,59973.0,0
6,4,16,3,10,30,17459.0,1
16,12,18,7,1,13,23910.0,1
19,0,9,0,0,2,42169.0,1
4,7,15,13,9,15,26224.0,1
31,3,31,2,8,4,31089.0,1
36,0,2,0,0,4,30081.0,0
526,28,135,10,21,99,62807.0,0
400,32,519,71,75,54,72906.0,0
410,16,114,0,5,49,61467.0,0
80,3,26,4,2,14,49618.0,1
88,10,46,2,3,64,21888.0,1
55,0,6,2,0,4,42429.0,0
5,1,13,3,5,1,26150.0,2
8,4,5,15,2,11,30801.0,0
410,0,592,147,22,22,81168.0,0
101,13,76,20,18,40,26877.0,0
162,25,53,16,0,10,45006.0,0
2,8,1,4,7,15,18978.0,1
25,0,8,2,0,2,22574.0,2
389,91,248,64,49,41,48240.0,0
215,13,87,17,17,24,45837.0,1
27,0,5,0,0,3,35791.0,2
85,1,16,2,1,2,162397.0,1
5,6,10,6,5,10,54162.0,1
179,8,83,19,11,26,30522.0,0
352,0,27,10,0,15,54456.0,0
17,8,12,11,15,32,31632.0,0
625,35,169,58,17,35,72298.0,0
10,6,11,0,4,2,36975.0,1
390,22,323,104,35,107,72635.0,0
10,2,15,2,1,6,13624.0,1
215,63,507,231,31,190,84196.0,0
1001,17,572,93,125,17,70971.0,0
19,18,33,24,1,8,34487.0,1
41,5,129,10,3,3,28769.0,1
1181,107,199,39,30,30,69084.0,1
603,45,207,36,18,54,65488.0,0
129,129,259,168,121,83,62466.0,0
10,24,15,13,1,30,32218.0,0
514,22,732,42,198,79,83917.0,0
14,0,1,0,0,1,46102.0,2
387,20,713,38,54,163,84574.0,0
121,103,69,8,44,48,56181.0,0
965,69,279,54,41,69,63120.0,0
707,21,250,85,43,73,73691.0,0
571,50,142,33,50,159,63381.0,0
586,66,653,17,0,26,76140.0,0
1063,89,102,16,12,25,62859.0,0
305,3,27,4,3,144,45906.0,0
1200,105,758,0,42,147,77632.0,0
163,2,40,8,11,11,46463.0,1
1009,181,104,202,21,207,105471.0,0
125,6,73,8,4,19,55282.0,1
721,0,152,119,50,50,78710.0,0
315,4,62,41,31,146,66886.0,0
1000,19,711,125,115,38,98777.0,0
16,0,17,6,3,6,29103.0,1
757,80,217,29,80,11,67445.0,0
30,2,25,0,1,9,50616.0,0
219,3,100,26,0,17,49431.0,0
1,1,1,1,1,1,153924.0,0
111,3,28,2,6,15,61278.0,0
45,47,52,21,20,25,26490.0,0
410,112,420,0,82,71,73059.0,0
100,1,39,6,1,76,46734.0,1
509,0,65,7,11,5,56253.0,0
3,6,5,0,2,6,19986.0,1
445,53,213,104,98,151,58330.0,0
2,2,11,41,7,11,25965.0,0
4,1,11,6,2,2,14661.0,0
6,1,7,23,4,19,18690.0,0
14,0,3,0,0,3,45068.0,0
1,10,11,19,3,15,21063.0,1
26,0,6,0,0,2,29187.0,1
111,16,37,7,9,18,54690.0,1
418,61,428,80,51,10,59304.0,0
327,9,122,19,14,83,59247.0,0
371,159,194,58,106,141,66731.0,0
275,59,107,69,101,59,77353.0,0
789,0,142,12,9,38,52614.0,0
1,1,5,0,3,1,26751.0,2
1004,12,145,32,12,36,81300.0,0
187,81,149,25,43,91,70337.0,0
56,4,76,17,1,18,36145.0,1
365,32,117,34,110,6,65295.0,0
595,23,123,10,23,154,68118.0,0
1132,134,384,175,134,115,68743.0,0
34,11,137,179,61,45,41039.0,0
116,6,82,6,6,41,38946.0,0
565,32,435,28,32,54,65777.0,0
372,18,126,47,48,78,66476.0,0
899,102,838,133,102,40,86857.0,0
55,16,1622,17,3,4,160803.0,0
760,40,480,0,40,26,77845.0,0
260,86,559,63,9,67,69476.0,0
459,0,24,6,0,4,50611.0,0
466,0,224,119,49,99,61209.0,0
67,15,80,17,11,80,42315.0,0
2,0,7,3,7,10,13084.0,0
67,1,20,0,2,31,47570.0,1
92,4,18,3,3,6,61923.0,0
4,2,11,2,0,4,34824.0,0
20,1,28,3,3,2,26518.0,1
273,11,178,62,83,29,45938.0,0
434,22,388,104,22,34,78468.0,0
321,11,309,33,26,34,78901.0,0
212,123,177,15,64,23,71427.0,2
909,12,278,0,12,242,71022.0,0
1184,32,352,21,16,16,90247.0,0
112,19,21,16,14,5,41335.0,1
656,80,455,52,107,93,71952.0,1
23,0,8,6,2,18,35682.0,1
537,6,42,16,6,30,43185.0,0
712,0,45,0,0,191,66375.0,0
23,1,13,2,2,18,35178.0,1
1,3,4,2,2,6,25252.0,1
664,58,83,32,0,66,55250.0,0
6,10,21,19,14,42,33249.0,1
299,5,201,21,21,49,58398.0,0
99,13,66,43,8,4,50272.0,1
749,40,294,121,160,147,76618.0,0
345,25,501,63,138,80,87305.0,0
9,4,18,7,5,5,25851.0,1
440,81,368,0,122,174,58710.0,0
8,2,5,3,0,3,45160.0,1
670,9,249,0,28,9,74806.0,0
524,0,134,28,28,155,59111.0,0
6,0,6,2,1,1,18988.0,1
597,166,597,172,166,249,72190.0,0
7,0,12,13,7,32,7500.0,1
54,0,7,0,0,4,44794.0,0
445,25,706,80,76,48,80395.0,0
294,142,218,164,58,151,75012.0,0
292,3,77,10,3,26,56962.0,2
412,22,132,59,28,183,89891.0,0
8,0,3,0,0,0,35946.0,1
349,4,78,6,0,43,53593.0,1
328,9,124,12,24,109,66373.0,1
144,2,99,7,2,30,45072.0,1
1126,28,211,37,28,42,89694.0,1
967,0,617,43,50,0,72025.0,0
432,79,341,177,136,170,67432.0,0
138,39,63,55,18,21,70545.0,0
0,0,1,7,4,6,17487.0,1
509,133,497,78,24,97,62882.0,0
948,10,86,13,21,21,64108.0,0
39,2,25,4,3,24,34941.0,1
28,1,21,3,0,10,48767.0,1
13,11,24,13,8,40,38702.0,1
307,26,360,138,31,40,82224.0,0
901,31,345,75,31,191,83844.0,0
2,5,12,4,8,7,17003.0,1
283,17,372,138,106,44,71163.0,0
4,3,7,0,3,11,33697.0,1
769,80,252,15,34,65,63564.0,0
518,42,742,55,56,84,83443.0,0
350,8,66,17,4,4,51518.0,0
445,53,213,104,98,151,58330.0,0
778,178,689,41,27,44,80952.0,0
709,93,374,104,80,80,75507.0,0
359,35,314,93,116,89,63855.0,0
799,12,375,16,12,12,62220.0,0
895,10,101,13,0,152,58512.0,0
40,2,23,0,4,23,40662.0,1
76,0,7,0,0,16,38829.0,0
11,5,22,12,5,11,35523.0,1
245,16,223,21,43,16,79146.0,1
647,107,391,175,67,40,78285.0,0
39,1,9,2,1,34,31626.0,1
203,35,305,46,17,227,75127.0,0
138,3,38,4,0,59,48726.0,0
587,51,898,247,0,86,74985.0,0
595,97,291,127,133,121,67430.0,0
43,12,23,29,15,61,46891.0,0
301,7,74,10,0,58,62058.0,0
180,32,348,76,32,90,72063.0,0
794,115,243,150,0,205,78939.0,0
392,5,91,28,26,112,42720.0,1
39,1,22,3,4,12,33622.0,1
107,2,12,2,2,12,6835.0,0
13,0,3,0,0,0,41452.0,1
70,0,17,0,0,6,40760.0,0
680,11,392,75,0,0,74250.0,0
26,1,11,0,1,4,51124.0,1
522,0,522,227,120,134,72258.0,0
412,12,546,78,182,0,71466.0,0
6,5,5,8,0,5,36283.0,1
2,3,6,4,1,9,20587.0,1
1,3,8,2,5,5,30467.0,1
6,2,15,6,6,3,31590.0,1
4,12,5,3,16,17,20425.0,1
18,2,19,0,2,6,17144.0,1
324,48,186,39,18,198,42564.0,0
327,9,125,25,4,139,43783.0,1
229,27,71,13,3,34,40780.0,0
521,168,706,80,76,61,62847.0,0
184,23,446,30,23,23,82017.0,0
4,8,11,12,2,13,16813.0,0
183,2,64,7,2,12,51267.0,1
31,19,35,26,14,52,46524.0,0
219,3,60,12,9,12,45183.0,0
479,28,136,75,14,35,70421.0,0
584,44,212,46,8,177,60161.0,0
627,91,597,159,91,15,73926.0,0
24,1,16,12,2,5,19329.0,1
330,5,159,36,27,16,61872.0,0
19,1,10,2,1,8,46984.0,1
28,23,29,29,14,47,34838.0,1
606,148,228,15,148,22,82716.0,0
1039,43,204,153,58,29,48192.0,0
411,0,26,0,0,21,49681.0,0
34,1,19,2,7,0,56850.0,0
161,28,136,32,3,45,55267.0,0
623,53,178,23,17,133,59666.0,1
604,26,470,123,161,94,72504.0,0
3,10,8,3,16,32,26872.0,0
12,2,17,6,1,10,21359.0,1
184,174,256,50,30,32,73170.0,0
393,0,239,90,69,69,52750.0,0
410,73,747,76,161,30,91820.0,0
376,9,83,19,4,4,65968.0,0
7,2,4,2,1,4,30772.0,1
68,0,226,51,157,68,22507.0,0
642,14,49,0,7,57,65685.0,0
8,7,9,13,6,12,25804.0,1
840,53,804,23,71,17,76412.0,0
7,10,13,3,11,11,22063.0,1
464,5,64,7,0,37,57091.0,0
30,3,47,19,21,42,22419.0,0
1492,38,287,50,57,33,87771.0,0
752,122,476,39,153,34,78353.0,0
1279,15,287,20,0,15,93404.0,1
22,1,8,2,1,2,37859.0,1
860,28,409,73,56,56,80995.0,0
3,0,5,13,0,1,16529.0,1
10,5,28,11,1,8,55412.0,1
351,16,156,7,5,145,48789.0,0
421,5,90,0,16,10,56575.0,0
2,5,7,0,18,18,25130.0,1
25,1,9,2,1,1,35441.0,1
336,123,274,46,123,141,71391.0,0
191,9,97,0,6,82,49494.0,1
563,50,774,28,31,187,81702.0,0
31,0,6,0,1,8,45889.0,0
479,5,82,7,17,171,56628.0,0
18,6,15,12,8,17,34026.0,1
91,65,52,10,44,28,40049.0,0
5,7,24,19,14,20,34176.0,1
2,14,28,16,3,7,19419.0,1
362,50,431,134,35,54,82504.0,0
724,74,929,97,55,130,81205.0,0
605,91,399,0,45,205,61618.0,0
547,7,140,0,7,63,55284.0,0
104,1,54,13,9,14,49980.0,0
8,2,15,0,10,18,15072.0,2
224,2,25,7,0,110,49166.0,0
384,0,102,21,32,5,65324.0,0
556,54,845,202,133,63,82347.0,0
24,0,2,0,0,9,30843.0,1
408,0,21,0,0,17,46374.0,0
265,199,303,234,9,170,60474.0,0
34,0,7,0,0,0,38576.0,0
374,64,116,84,25,64,55357.0,2
27,2,10,0,0,1,37758.0,1
600,20,350,29,30,33,85710.0,0
13,2,18,6,1,0,23228.0,1
167,2,89,0,0,34,44602.0,1
0,2,3,4,1,5,7500.0,0
46,35,69,84,41,66,38683.0,1
88,39,78,58,13,93,49514.0,1
243,11,119,10,3,15,57906.0,0
275,11,68,25,7,7,43456.0,0
6,0,4,0,0,0,19485.0,2
121,62,90,68,20,125,53172.0,0
4,12,15,19,7,12,30545.0,1
1308,0,396,23,0,0,70123.0,0
515,47,267,62,66,38,62450.0,0
4,0,16,17,4,4,21675.0,1
48,13,57,24,15,25,42395.0,1
562,58,168,43,16,142,61346.0,1
769,22,500,210,143,33,80812.0,0
379,4,93,12,9,98,42835.0,1
29,12,59,19,1,36,39922.0,1
387,68,569,89,45,68,86424.0,0
12,23,38,30,18,7,17117.0,1
6,10,12,3,15,40,24762.0,1
27,1,14,4,1,21,35797.0,0
9,1,5,0,0,1,36627.0,2
22,0,19,6,5,3,51111.0,1
899,102,838,133,102,40,86857.0,0
889,55,685,168,92,129,82072.0,0
189,2,55,0,5,12,46231.0,2
48,0,2,0,0,5,42243.0,1
230,14,156,82,24,58,51195.0,1
852,60,207,78,36,48,68092.0,0
35,3,20,4,1,20,31814.0,1
205,20,47,23,2,56,51390.0,1
255,31,446,40,56,175,76630.0,0
0,0,1,8,3,2,26868.0,1
437,8,206,160,49,42,48948.0,0
825,8,53,11,0,242,55260.0,0
316,58,161,76,51,135,64090.0,0
756,138,354,160,169,61,78331.0,0
194,55,134,15,0,3,37087.0,1
7,17,18,6,10,26,21846.0,1
183,33,493,59,103,57,81320.0,0
171,0,11,0,1,20,54137.0,0
243,101,405,29,40,40,66825.0,0
181,21,69,39,3,96,57100.0,0
151,7,89,0,7,28,58917.0,1
494,92,391,194,11,241,85072.0,0
464,28,873,29,18,37,86429.0,0
5,1,5,10,0,7,45684.0,1
29,0,29,0,5,4,47889.0,1
102,9,49,24,3,12,45921.0,0
604,28,674,91,28,28,78420.0,0
571,12,523,63,60,24,75114.0,0
953,0,71,0,0,174,52278.0,0
63,3,67,8,9,28,35641.0,1
770,29,890,250,27,24,95529.0,0
398,61,265,138,61,53,62820.0,0
741,19,154,50,9,28,73113.0,0
1478,19,403,0,19,0,84169.0,0
156,29,56,30,32,47,42607.0,0
960,64,464,146,0,16,74637.0,0
38,0,2,0,0,6,46015.0,1
315,26,473,220,12,182,72354.0,0
15,20,25,2,7,26,39858.0,1
19,6,20,0,5,12,34469.0,1
812,99,431,237,149,33,83033.0,1
73,28,217,10,24,115,24401.0,0
372,23,384,250,12,108,77583.0,0
871,111,704,145,55,166,74116.0,0
375,152,335,93,91,81,74293.0,0
760,80,466,17,13,80,68397.0,0
471,0,510,99,21,12,79632.0,0
31,9,27,16,9,33,46107.0,1
819,0,72,12,0,63,64950.0,0
1,4,3,8,9,7,25443.0,1
203,35,305,46,17,227,75127.0,0
26,0,15,2,1,2,32892.0,1
354,21,311,167,75,32,71796.0,0
1253,0,447,23,71,35,67536.0,0
371,17,238,23,24,106,55239.0,0
588,7,76,110,15,15,60554.0,1
480,86,249,75,86,144,64831.0,1
517,12,54,16,6,120,56067.0,0
267,98,606,48,70,98,82025.0,0
1111,24,790,160,45,172,94384.0,0
7,7,14,7,16,15,14906.0,0
1166,0,48,0,0,36,51563.0,0
261,42,144,55,48,133,57937.0,0
135,25,51,23,25,46,68274.0,1
6,2,18,2,8,14,39771.0,1
711,28,142,49,18,47,67893.0,0
11,0,13,2,4,11,27922.0,1
42,0,17,0,0,18,52190.0,1
79,7,58,6,3,18,44051.0,1
20,6,43,19,5,38,42767.0,2
30,0,8,2,0,14,46106.0,1
20,2,23,3,1,4,16927.0,1
115,27,44,4,146,139,59754.0,0
263,5,233,69,41,83,53700.0,0
69,2,15,2,2,6,59041.0,1
267,3,30,4,0,57,54237.0,0
561,85,171,25,123,114,70647.0,0
492,0,37,7,0,42,52597.0,0
14,7,9,6,16,12,41021.0,1
80,4,46,0,17,2,40233.0,0
97,12,84,13,10,15,50183.0,1
197,107,227,7,59,131,54753.0,0
693,21,925,31,24,84,92955.0,0
43,2,27,0,9,12,33471.0,1
14,0,2,0,0,7,34596.0,1
186,36,234,86,72,48,44010.0,1
434,137,400,45,137,45,84219.0,0
59,0,11,4,2,5,40706.0,2
16,5,30,8,7,26,15716.0,1
230,35,75,63,57,31,59052.0,0
829,138,430,60,92,15,80573.0,0
318,8,407,150,35,8,83715.0,0
1206,55,445,168,18,18,82576.0,0
292,3,77,10,3,26,56962.0,2
30,9,12,2,11,30,35704.0,1
729,17,133,11,0,195,53103.0,0
12,1,3,0,0,7,46779.0,1
2,1,1,1,0,1,4861.0,0
22,3,18,0,0,11,33462.0,1
587,43,337,42,87,54,63693.0,0
674,168,108,192,42,231,80763.0,0
284,3,84,4,7,23,65352.0,0
1023,93,651,49,55,37,82170.0,0
1394,22,708,89,91,182,75759.0,0
311,26,640,180,37,121,79689.0,0
27,0,12,0,1,5,35340.0,1
1296,17,311,45,69,51,85683.0,0
3,6,7,0,0,3,24884.0,1
393,5,136,7,5,27,42021.0,1
218,63,282,137,35,70,64449.0,1
66,0,16,0,6,20,64587.0,1
4,2,11,2,0,4,34824.0,0
795,0,545,95,58,0,75437.0,0
15,10,19,8,17,20,26091.0,1
384,25,292,130,41,64,52845.0,1
244,8,32,7,2,50,46086.0,0
158,19,288,25,0,38,78028.0,0
1285,21,449,106,20,20,95169.0,0
349,16,144,28,5,182,56337.0,1
4,12,11,3,13,15,22434.0,1
223,2,31,0,2,39,36930.0,0
157,43,127,68,56,37,36130.0,0
397,46,288,20,38,70,65569.0,0
901,31,345,75,31,191,83844.0,0
14,3,21,2,1,28,19514.0,1
10,0,3,0,0,4,36736.0,1
1230,0,396,232,178,158,77568.0,0
81,1,31,2,1,0,49187.0,0
154,20,66,0,12,27,30168.0,1
63,0,21,7,0,12,34053.0,0
30,0,11,0,0,3,38196.0,1
90,67,165,30,43,11,59412.0,0
635,114,254,132,152,76,70924.0,0
127,4,73,15,6,11,54165.0,0
13,3,6,6,5,6,32300.0,1
18,42,24,15,20,18,20180.0,0
45,2,26,4,1,1,34961.0,1
38,1,24,0,0,0,28440.0,1
986,36,168,16,0,108,64504.0,1
61,0,3,0,0,7,33564.0,0
4,9,16,17,0,12,17345.0,1
201,53,172,116,77,83,56320.0,0
19,8,29,0,12,26,28647.0,1
4,8,11,19,12,26,15038.0,1
18,0,2,0,0,2,32173.0,0
806,80,161,120,11,33,68316.0,0
380,98,733,110,112,28,74538.0,0
576,172,961,125,115,19,91700.0,0
458,81,356,106,50,40,68695.0,0
5,10,13,3,8,16,31056.0,1
350,60,568,110,133,145,79593.0,0
39,33,130,41,26,44,28071.0,0
26,1,16,2,2,15,37334.0,1
68,0,16,0,0,8,46423.0,1
45,3,9,4,4,7,37126.0,1
359,0,134,13,26,123,47703.0,0
403,24,29,6,24,218,61180.0,0
34,1,14,0,0,5,38998.0,1
73,18,66,7,12,2,8028.0,0
292,30,415,63,33,200,76081.0,0
14,0,16,0,0,6,34728.0,1
80,1,37,0,1,3,33168.0,0
30,11,33,13,6,29,33585.0,0
463,96,333,168,53,10,77037.0,0
75,12,141,43,39,187,35196.0,1
538,13,91,17,6,26,44529.0,0
635,114,254,132,152,76,70924.0,0
8,0,3,0,0,1,28764.0,1
1315,22,780,145,0,178,69098.0,0
4,2,12,7,5,26,25959.0,1
12,0,13,2,0,10,27100.0,1
347,44,534,17,0,26,70596.0,0
192,5,53,0,5,15,42557.0,0
241,0,12,0,0,25,53312.0,0
631,28,491,30,14,56,72228.0,0
336,28,282,184,54,54,67605.0,0
1099,0,45,0,0,34,62845.0,1
743,19,181,12,0,200,65196.0,0
124,83,267,85,59,35,42000.0,0
15,0,8,4,2,20,35860.0,1
397,19,69,12,0,9,65526.0,0
10,4,4,3,3,14,16860.0,1
530,117,678,134,44,147,83528.0,0
1215,33,249,64,116,149,64176.0,0
3,2,7,0,4,2,22304.0,0
444,44,382,11,8,17,67023.0,0
26,0,15,2,1,2,32892.0,1
736,114,279,82,76,190,70713.0,0
473,21,176,19,21,56,59925.0,0
32,0,5,2,0,8,39722.0,0
288,10,30,4,10,125,46610.0,0
1050,178,555,77,138,118,88347.0,0
1001,44,107,58,44,44,87171.0,0
9,1,7,0,3,2,26907.0,1
234,14,77,19,10,42,50014.0,1
7,2,6,2,0,3,41014.0,1
251,108,334,65,92,117,66294.0,0
172,10,125,21,13,16,36715.0,1
565,42,548,64,83,99,79456.0,0
5,0,8,2,0,0,40479.0,1
918,57,842,99,38,133,75345.0,0
652,8,158,21,0,142,54233.0,0
4,1,7,2,1,2,24163.0,1
152,27,103,106,54,81,84460.0,0
8,0,9,2,1,3,43776.0,1
336,130,411,240,32,43,71691.0,0
938,19,843,25,95,38,85844.0,0
68,8,18,19,8,12,39190.0,1
227,23,389,42,21,75,71367.0,0
38,4,22,3,3,3,38578.0,1
105,0,9,2,1,4,57236.0,1
162,50,100,55,30,27,61825.0,0
574,8,216,21,16,33,79803.0,0
160,80,369,67,39,41,80910.0,0
6,0,5,0,0,1,27590.0,1
614,35,160,58,35,35,56775.0,0
897,161,430,186,161,27,83829.0,0
70,54,109,80,9,45,54210.0,0
120,19,206,25,19,54,38508.0,1
211,2,30,7,7,10,53187.0,1
11,0,16,7,6,21,30023.0,1
760,53,400,17,93,0,76045.0,0
53,0,8,0,0,2,50870.0,0
7,4,13,15,8,17,15315.0,0
391,32,70,21,32,16,65463.0,1
199,9,57,20,21,6,66480.0,1
516,56,449,86,33,16,76773.0,0
709,45,115,30,160,45,81698.0,0
12,0,4,0,0,0,54466.0,1
1000,19,711,125,115,38,98777.0,0
19,3,18,3,1,0,16269.0,1
1224,28,140,0,14,168,71819.0,0
16,2,18,3,0,24,33569.0,1
88,39,54,64,28,153,36262.0,0
2,23,11,8,6,46,22634.0,0
508,11,59,23,5,29,47025.0,0
381,28,215,84,28,21,70566.0,0
74,0,42,2,1,6,31605.0,1
146,0,93,7,13,73,52034.0,1
23,17,23,43,20,9,48526.0,1
110,5,137,26,23,29,46734.0,0
165,3,147,4,24,41,39552.0,1
957,47,494,82,47,95,86358.0,1
41,0,17,3,1,16,46931.0,2
1,3,4,2,3,11,16581.0,0
176,29,818,0,33,112,63998.0,0
815,8,53,11,0,70,67381.0,0
6,1,2,2,0,4,25930.0,1
8,4,20,6,3,16,42693.0,1
717,42,864,219,30,84,85606.0,0
1067,138,750,0,19,39,72903.0,0
166,5,107,11,8,29,49669.0,1
29,4,34,2,4,4,36778.0,1
714,76,395,116,0,12,85696.0,0
8,4,10,2,2,4,10979.0,0
229,5,56,3,2,20,49678.0,0
320,48,133,39,72,48,56129.0,0
23,0,26,7,15,3,37155.0,1
1,5,8,4,8,20,21282.0,1
56,0,12,0,0,18,33419.0,0
508,124,249,50,38,134,63285.0,0
29,0,25,2,2,3,21255.0,1
46,7,59,2,4,27,42162.0,1
454,0,171,8,19,32,54450.0,1
350,3,39,0,0,19,57744.0,0
10,0,8,0,0,9,26576.0,1
735,40,183,52,20,30,57513.0,0
897,126,196,91,112,37,68142.0,0
5,2,3,3,0,5,7500.0,0
777,35,731,39,137,114,83145.0,0
162,6,37,6,13,13,54197.0,0
35,0,11,0,0,2,23091.0,1
342,9,112,19,14,19,46049.0,1
258,105,239,237,172,9,56715.0,0
658,80,483,123,13,13,79410.0,0
356,80,329,138,17,106,57304.0,0
213,5,28,7,7,41,44375.0,0
454,0,171,8,19,32,54450.0,1
457,4,29,0,0,9,59594.0,0
241,45,604,34,26,54,80685.0,0
210,0,6,0,0,2,40344.0,0
441,35,83,7,29,11,62710.0,0
19,13,18,10,7,8,48985.0,0
28,9,37,12,7,13,35322.0,1
476,75,162,29,151,97,77142.0,0
364,40,425,158,60,50,81657.0,0
0,0,2,3,3,8,14421.0,0
0,6,3,7,6,12,20130.0,0
863,83,547,86,99,33,74214.0,0
349,7,35,0,0,47,66726.0,1
5,23,15,0,18,14,23724.0,1
184,2,19,8,8,4,47353.0,0
8,0,8,0,0,2,33444.0,1
277,21,64,62,21,25,54386.0,0
44,5,19,0,4,19,28510.0,1
1156,120,915,94,144,96,90638.0,0
373,14,83,6,9,19,48070.0,0
134,8,76,6,0,11,43140.0,0
1148,0,60,0,0,24,54959.0,0
6,12,3,21,6,40,15056.0,1
4,1,11,0,0,1,26954.0,1
5,4,8,2,0,5,22327.0,1
24,2,20,2,2,10,44393.0,1
899,0,101,0,0,20,62000.0,0
108,1,28,13,1,4,31497.0,0
27,2,7,0,2,13,45894.0,0
816,66,549,216,66,99,78579.0,0
1298,0,70,37,14,42,67369.0,0
10,0,11,17,29,29,58401.0,0
87,13,34,10,6,10,62307.0,0
57,2,51,4,2,23,43641.0,1
635,15,100,20,7,131,63841.0,0
43,12,23,29,15,61,46891.0,0
964,34,137,15,0,11,70091.0,1
572,8,259,34,35,80,78075.0,0
341,142,113,259,151,66,59184.0,0
63,6,57,13,13,22,54809.0,1
221,104,169,102,78,84,58113.0,0
140,3,29,4,5,14,51412.0,0
1,2,8,4,3,13,15287.0,1
291,10,689,84,10,0,66636.0,0
544,13,85,8,6,29,50965.0,0
684,100,801,21,66,0,84618.0,0
1,12,9,0,14,7,18351.0,0
35,0,4,0,0,10,40451.0,0
87,3,25,3,2,13,36317.0,0
309,3,24,4,3,20,42213.0,0
172,73,93,95,78,34,65748.0,0
625,38,242,50,34,76,77044.0,0
972,59,913,25,19,59,74918.0,0
157,6,39,6,13,75,56721.0,1
48,9,45,3,15,20,42160.0,1
279,83,88,32,14,34,61559.0,0
132,0,16,0,0,4,33629.0,1
919,0,505,99,30,45,68682.0,0
62,0,22,3,1,26,34377.0,0
1,45,3,4,6,42,8940.0,1
2,6,4,3,1,9,26228.0,1
408,61,109,48,122,41,77297.0,0
51,1,7,2,1,25,40211.0,1
62,1,16,3,2,6,33438.0,1
952,12,180,47,12,12,75032.0,0
618,15,106,20,7,45,61284.0,0
11,7,12,2,2,27,22518.0,1
318,3,17,4,7,56,54730.0,0
56,0,14,0,0,2,38452.0,1
110,5,59,7,1,7,44421.0,1
23,0,11,2,1,3,38197.0,1
27,5,8,8,3,12,41986.0,0
18,3,19,3,3,6,28427.0,1
18,0,9,0,1,11,37395.0,1
303,0,280,60,147,15,64722.0,1
97,1,19,2,0,11,55249.0,0
997,15,414,99,30,76,84906.0,0
5,4,13,8,0,4,28691.0,1
95,11,35,0,4,7,44213.0,1
1,6,2,3,6,3,25707.0,1
46,1,12,3,0,9,59062.0,2
411,106,147,54,115,66,76624.0,0
244,51,270,101,0,45,66000.0,0
152,9,121,12,12,45,27683.0,1
1,1,3,1,1,1,1730.0,0
10,17,18,8,26,40,7500.0,1
12,0,5,0,0,4,40521.0,1
5,0,4,0,0,1,20427.0,1
790,19,133,12,0,19,65106.0,0
882,29,514,38,29,44,69969.0,0
615,28,259,12,48,30,67433.0,0
1004,59,265,115,59,27,77766.0,0
133,27,421,13,195,71,74716.0,0
595,23,123,10,23,154,68118.0,0
293,0,87,4,11,23,55158.0,1
313,15,47,20,0,192,62972.0,0
151,81,86,168,91,64,74190.0,0
15,0,2,0,0,6,39356.0,1
736,63,946,219,189,126,76653.0,0
15,0,8,4,2,20,35860.0,1
982,17,672,23,34,51,90687.0,0
1142,51,415,90,69,37,73450.0,0
28,0,11,0,0,9,31454.0,1
46,0,12,0,2,23,47139.0,1
897,161,430,186,161,27,83829.0,0
489,6,152,8,6,132,53378.0,1
25,4,9,6,8,32,19656.0,1
145,1,33,2,1,1,45579.0,0
630,26,611,44,18,54,85485.0,0
760,38,104,50,9,38,55956.0,0
420,15,186,151,38,15,64191.0,0
125,17,52,3,19,30,38808.0,1
464,5,64,7,0,70,57183.0,1
6,6,29,12,15,8,23748.0,1
1090,12,96,16,12,60,66303.0,0
3,2,11,2,2,10,37368.0,1
24,0,27,8,30,10,40800.0,1
737,21,106,55,63,210,71847.0,0
254,6,71,4,0,27,46149.0,0
817,185,687,145,55,241,78687.0,0
620,54,239,99,98,119,49118.0,0
13,4,20,0,0,1,37633.0,1
113,61,204,34,26,47,39767.0,0
7,23,78,133,49,144,26997.0,0
16,2,18,2,1,5,33986.0,1
462,0,24,6,0,4,57091.0,0
22,2,10,6,4,34,46831.0,1
968,147,842,137,42,210,83151.0,0
283,112,151,51,72,125,52531.0,0
1,2,5,6,0,3,15759.0,0
14,1,7,2,1,1,22804.0,1
30,5,24,6,3,8,43050.0,1
4,0,5,0,1,5,42997.0,1
52,0,9,0,0,1,48918.0,1
62,1,57,19,11,48,60033.0,0
20,2,14,3,0,10,34043.0,1
545,7,114,37,21,78,57811.0,0
558,79,622,207,175,95,78569.0,0
6,5,4,13,4,25,7500.0,1
39,1,9,2,0,8,157733.0,1
1111,24,790,160,45,172,94384.0,0
4,6,8,6,3,10,23148.0,0
183,5,65,3,5,49,44267.0,1
546,72,376,94,145,72,71626.0,0
606,7,155,10,0,54,60894.0,0
266,6,51,8,6,64,50200.0,1
1142,29,249,38,29,14,81051.0,0
1074,0,69,0,0,46,65169.0,0
771,51,154,54,10,154,59868.0,0
371,32,189,0,58,6,65695.0,0
556,14,717,210,0,43,64857.0,0
202,5,74,11,5,14,45143.0,0
209,162,209,41,162,37,74805.0,0
35,40,111,36,40,12,59060.0,1
37,0,17,0,0,3,27238.0,1
171,45,73,59,10,90,47009.0,0
12,2,20,3,2,5,46094.0,1
44,4,21,6,0,27,40321.0,1
20,2,9,4,6,20,37235.0,1
779,86,537,34,69,138,81843.0,0
170,6,97,24,12,88,46692.0,0
491,48,231,112,105,134,77382.0,0
173,8,107,7,2,176,37774.0,2
7,10,13,16,0,4,18393.0,1
1205,0,235,19,14,205,72828.0,0
10,7,25,6,3,7,24711.0,0
97,4,44,6,1,18,45503.0,1
67,11,26,4,3,262,6560.0,0
345,53,528,98,75,97,71604.0,0
6,5,17,3,24,46,27244.0,1
73,57,100,71,15,0,48752.0,1
711,36,217,172,96,168,71434.0,0
774,70,118,182,187,93,90842.0,0
163,0,480,0,126,75,88097.0,1
82,33,54,71,30,41,51948.0,0
358,108,413,141,97,32,71853.0,0
66,2,40,4,3,14,35876.0,0
13,6,7,0,3,3,40049.0,0
139,13,78,20,13,36,39660.0,1
274,0,21,4,6,15,50127.0,0
262,6,61,0,10,102,43263.0,0
1099,0,45,0,0,34,62845.0,1
32,0,8,23,4,18,18929.0,0
2,4,2,0,11,5,24367.0,1
6,10,21,19,14,42,33249.0,1
6,7,4,3,4,6,26887.0,0
135,46,92,65,61,11,50150.0,0
641,7,84,0,30,38,62061.0,0
714,76,395,116,0,12,85696.0,0
794,73,573,0,29,14,76542.0,0
420,0,452,182,64,140,70515.0,0
1,2,7,4,3,11,18227.0,1
86,12,75,33,15,6,69139.0,0
823,25,459,124,29,95,69109.0,0
231,161,215,171,30,53,69627.0,0
8,15,27,0,20,33,38136.0,1
182,17,259,77,70,29,62159.0,0
557,129,984,193,37,18,80695.0,0
79,1,31,4,4,12,33316.0,1
368,24,68,38,0,88,58554.0,1
6,4,14,8,8,22,17256.0,1
160,15,196,15,11,50,53034.0,1
488,21,238,56,108,28,52203.0,0
691,7,69,0,7,23,59601.0,0
543,10,205,160,143,82,75154.0,0
254,7,108,20,0,26,47025.0,0
5,4,10,2,2,7,37971.0,1
112,19,21,16,14,5,41335.0,1
134,11,59,15,2,30,67267.0,0
143,6,52,11,8,17,57338.0,0
51,4,24,4,7,1,50523.0,1
27,0,5,0,0,3,35791.0,2
459,0,24,6,0,4,50611.0,0
689,8,167,11,8,88,56242.0,0
283,10,38,0,13,27,48904.0,0
347,0,35,4,3,7,56243.0,1
5,13,14,0,5,31,21355.0,1
280,0,18,0,0,24,57420.0,0
95,14,64,2,9,38,46390.0,0
84,10,34,11,10,28,54342.0,1
18,3,17,3,0,4,20895.0,1
992,24,694,51,19,119,92344.0,0
9,1,7,0,3,2,26907.0,1
19,1,17,2,0,2,44964.0,1
709,93,374,104,80,80,75507.0,0
158,0,76,13,7,71,53761.0,1
10,14,29,4,2,36,22682.0,1
25,1,13,0,0,3,38887.0,1
8,4,12,15,4,29,41658.0,1
14,0,6,0,0,0,29791.0,1
622,7,115,30,0,15,63915.0,0
11,0,3,0,0,1,39996.0,1
25,3,16,8,5,2,26759.0,1
635,15,100,20,7,131,63841.0,0
100,64,79,65,0,109,51039.0,1
201,2,43,3,5,35,60544.0,1
642,14,49,0,7,57,65685.0,0
97,1,41,6,2,41,37716.0,0
204,5,39,17,0,89,36864.0,0
513,7,133,46,14,14,44511.0,1
88,3,21,4,1,29,36947.0,1
172,12,112,8,0,15,47352.0,0
329,35,222,130,35,43,67087.0,0
296,13,104,11,13,17,57045.0,0
100,2,16,2,1,31,36957.0,1
422,7,238,69,46,15,69389.0,0
1218,16,272,104,0,80,80134.0,1
5,1,7,2,1,4,43142.0,1
507,93,520,242,40,26,80589.0,0
52,12,50,4,36,55,34412.0,1
191,56,139,51,8,100,57537.0,1
2,23,11,8,6,46,22634.0,0
68,28,39,16,30,41,51315.0,0
20,4,10,6,4,17,36026.0,2
20,3,16,0,4,1,24639.0,1
7,0,1,0,0,0,34578.0,2
279,172,74,38,8,246,65704.0,0
977,12,253,16,12,101,63810.0,0
30,1,8,0,0,3,54132.0,0
6,1,7,23,4,19,18690.0,0
3,18,26,11,8,12,28164.0,1
14,0,2,0,0,7,34596.0,1
10,1,7,0,0,1,43269.0,1
7,10,17,8,6,13,38741.0,1
33,87,64,175,16,74,31907.0,0
12,0,13,2,0,10,27100.0,1
2,3,10,11,2,10,31163.0,1
693,21,118,110,147,42,92533.0,0
9,3,15,2,3,2,34853.0,1
129,26,67,3,67,2,70844.0,1
16,2,11,3,0,16,31086.0,1
201,2,43,3,5,35,60544.0,1
5,4,5,4,2,10,20491.0,0
14,36,11,3,26,35,42523.0,0
29,12,59,19,1,36,39922.0,1
26,2,19,10,5,8,33402.0,1
9,1,4,3,2,3,36408.0,1
14,0,23,4,5,19,21645.0,1
972,19,595,180,26,138,78427.0,0
966,168,672,246,105,126,82657.0,0
99,27,102,28,48,6,51876.0,0
482,35,553,72,160,17,78041.0,0
714,8,99,11,0,47,52852.0,0
587,54,348,71,54,130,70038.0,0
399,27,159,58,8,39,69401.0,0
56,10,92,19,7,25,46053.0,1
227,151,573,98,54,31,77343.0,0
703,102,601,0,58,43,73892.0,0
37,0,17,0,0,3,40304.0,1
167,13,180,86,13,70,32727.0,0
458,81,356,106,50,40,68695.0,0
91,3,52,2,1,31,43300.0,0
15,8,16,11,5,22,26290.0,1
1302,68,731,89,114,45,93790.0,0
153,64,123,116,64,14,38410.0,0
508,5,21,7,5,10,64866.0,0
290,59,177,77,5,29,57957.0,0
38,0,2,0,0,6,46015.0,1
2,13,6,7,5,11,16531.0,1
30,0,10,2,0,5,28072.0,1
386,23,95,54,41,196,49476.0,0
443,10,75,0,10,48,50725.0,0
901,31,345,75,31,191,83844.0,0
9,0,3,0,0,1,41145.0,1
846,84,352,91,56,42,67419.0,0
8,3,9,19,4,22,23162.0,1
72,7,58,13,1,24,34380.0,1
29,0,5,0,1,5,34704.0,0
169,24,553,188,0,144,94871.0,0
460,35,422,33,12,153,65148.0,0
69,8,26,12,7,12,39898.0,0
556,14,717,210,0,43,64857.0,0
73,0,13,0,1,0,59892.0,0
112,1,54,7,7,36,41020.0,0
944,0,60,0,0,30,57072.0,0
265,199,303,234,9,170,60474.0,0
526,28,135,10,21,99,62807.0,0
2,3,12,3,5,7,19414.0,1
2,4,9,10,5,16,19107.0,1
378,97,259,197,194,34,75484.0,0
553,25,142,65,67,8,70379.0,0
751,127,687,20,15,31,79419.0,0
406,0,30,0,0,8,64014.0,2
1449,89,161,69,35,107,76998.0,0
123,17,171,39,0,30,49854.0,1
267,42,309,55,42,21,60585.0,1
209,0,40,3,2,15,42873.0,1
1259,172,815,97,148,33,87679.0,0
344,35,178,15,23,17,57867.0,1
22,3,30,0,5,15,35765.0,1
247,161,295,210,85,47,65492.0,0
38,0,12,3,1,1,32952.0,1
896,10,101,13,10,34,53374.0,0
931,56,253,91,98,14,71706.0,0
758,12,385,33,89,89,68487.0,0
216,9,57,20,9,125,53253.0,1
2,3,10,11,2,10,31163.0,1
244,15,108,4,15,50,42014.0,1
539,6,91,8,6,97,54108.0,1
1181,26,120,17,13,39,49667.0,0
750,8,125,11,8,26,63206.0,0
306,5,109,21,109,92,57136.0,1
350,104,189,197,151,57,46772.0,0
331,197,170,58,152,35,78931.0,0
620,16,165,0,24,82,53977.0,0
434,137,400,45,137,45,84219.0,0
57,0,27,0,0,36,46098.0,1
811,76,428,99,137,107,73538.0,0
423,42,706,73,197,197,79529.0,0
2,12,10,6,13,30,20981.0,0
60,51,87,6,20,51,51766.0,1
675,0,85,10,7,77,55759.0,0
30,8,12,8,8,12,33039.0,1
40,1,40,4,3,18,37787.0,1
3,17,26,20,1,39,27242.0,1
910,111,724,49,74,55,87188.0,0
252,98,827,219,70,196,69930.0,0
34,6,21,11,4,8,37697.0,1
19,3,19,3,1,3,37401.0,1
2,1,1,0,0,1,3502.0,1
490,0,184,10,28,21,58597.0,1
332,194,377,149,125,57,82032.0,0
53,8,17,13,0,21,28087.0,1
784,48,560,42,176,48,74004.0,0
7,11,3,10,4,20,19740.0,0
1171,43,219,19,14,47,57036.0,0
215,7,33,3,0,13,53083.0,1
674,62,134,0,26,8,69283.0,0
57,0,27,0,0,36,46098.0,1
5,36,7,0,10,45,23331.0,1
104,20,101,24,15,5,23331.0,1
9,0,7,2,0,4,9255.0,1
431,82,441,80,20,102,67786.0,0
1000,0,76,0,0,10,71969.0,0
448,40,469,80,0,91,59235.0,1
33,4,24,4,2,5,31928.0,1
505,72,270,36,27,54,74881.0,1
267,38,701,149,165,63,65819.0,0
14,0,3,0,0,1,51411.0,1
631,0,115,10,7,30,51983.0,0
65,4,16,0,4,11,42386.0,1
10,12,12,25,1,20,30390.0,0
51,4,50,12,1,49,30983.0,0
293,35,179,46,59,65,66033.0,0
11,1,2,2,1,6,37284.0,1
50,1,27,6,7,1,57530.0,0
173,26,255,35,71,81,76800.0,0
423,184,368,13,97,21,63943.0,0
292,30,415,63,33,200,76081.0,0
757,80,217,29,80,11,67445.0,0
12,1,6,0,1,5,37054.0,1
167,2,44,6,2,19,47175.0,1
3,1,3,8,0,5,31859.0,1
30,5,22,8,9,28,27215.0,2
532,88,168,69,44,133,70179.0,0
29,12,59,19,1,36,39922.0,1
411,0,26,0,0,21,49681.0,0
5,3,4,4,1,0,24645.0,1
71,99,278,185,121,38,79865.0,0
46,0,40,3,0,3,44322.0,1
268,11,88,15,3,22,47958.0,0
928,63,254,0,12,12,63972.0,0
459,15,171,142,23,31,75315.0,0
483,0,108,0,6,36,55517.0,1
733,9,180,12,19,66,75283.0,1
1006,22,115,59,68,45,82800.0,0
34,1,14,0,0,5,38998.0,1
1156,120,915,94,144,96,90638.0,0
7,4,23,7,0,11,27161.0,1
244,15,108,4,15,50,42014.0,1
233,0,23,0,0,12,38201.0,0
35,3,67,10,8,24,45203.0,2
1252,0,465,46,35,0,81574.0,0
34,4,66,3,10,20,34935.0,0
255,43,134,37,14,24,60482.0,0
8,1,5,0,0,1,34633.0,2
368,32,639,13,43,10,78093.0,0
255,47,573,52,32,15,82460.0,0
33,8,10,2,10,3,45903.0,0
163,23,424,27,65,76,81361.0,0
15,0,8,4,2,20,35860.0,1
45,12,52,25,22,13,40442.0,1
48,58,68,16,66,43,61482.0,0
158,6,45,8,2,2,34968.0,1
754,160,625,63,32,48,75794.0,0
108,1,28,13,1,4,31497.0,0
199,66,315,97,174,41,74268.0,0
2,7,5,2,15,27,13724.0,1
202,5,74,11,5,14,45143.0,0
85,0,3,0,0,7,52569.0,0
322,3,50,4,3,42,48432.0,0
18,2,19,0,2,6,17144.0,1
141,8,129,3,11,47,36108.0,1
739,107,309,140,80,35,76445.0,1
18,0,6,3,3,5,36663.0,1
378,0,88,19,4,73,53843.0,0
1083,108,649,253,151,108,90226.0,0
1016,12,215,16,12,63,70638.0,0
23,1,6,0,0,2,44512.0,1
12,1,21,2,2,3,27116.0,1
35,0,4,0,0,0,54072.0,1
548,31,422,0,112,28,71855.0,0
342,32,230,34,32,40,51250.0,1
365,3,15,4,3,11,60432.0,0
397,19,69,12,0,9,65526.0,0
456,19,832,75,118,38,68655.0,0
5,6,15,11,7,13,12393.0,0
836,185,575,24,25,77,64509.0,0
100,2,128,23,7,10,33955.0,1
10,0,10,3,1,7,31353.0,1
238,115,215,169,69,76,55434.0,1
6,0,5,2,1,2,28359.0,1
158,11,99,15,11,17,57100.0,1
86,12,75,33,15,6,69139.0,0
856,0,76,12,9,199,52973.0,0
98,1,17,0,1,5,51717.0,0
4,16,20,0,17,20,18793.0,1
398,96,447,220,96,32,66664.0,0
313,8,104,6,4,126,50664.0,1
109,18,16,24,26,18,54414.0,1
216,2,6,0,0,9,54549.0,0
595,71,153,120,112,41,47111.0,0
123,133,142,71,44,88,41003.0,0
16,0,23,3,2,10,19444.0,1
11,12,35,3,5,12,36301.0,1
410,112,420,0,82,71,73059.0,0
159,2,51,6,2,24,42731.0,1
105,0,10,0,1,0,52854.0,1
5,1,8,0,0,1,22775.0,1
269,15,69,15,19,38,46681.0,0
629,0,70,0,0,35,59821.0,0
443,5,71,21,16,82,50002.0,0
217,77,373,111,23,93,69755.0,0
24,1,10,2,0,4,44078.0,1
9,1,5,4,5,7,30560.0,1
8,0,14,2,3,7,35924.0,1
1459,0,61,0,15,215,64140.0,0
230,48,214,13,32,75,56386.0,1
1,3,6,10,0,9,24594.0,1
340,21,134,258,14,56,75774.0,1
7,1,6,0,3,3,39228.0,0
298,7,68,4,0,19,58494.0,0
479,35,179,28,7,85,58684.0,0
267,140,599,34,12,127,57136.0,0
67,4,32,17,2,16,56551.0,1
3,1,8,23,2,18,22448.0,1
980,37,265,35,163,31,82014.0,0
50,4,28,6,3,26,34213.0,1
1,0,1725,2,1,1,157146.0,0
19,0,5,0,0,8,25358.0,0
30,5,23,4,1,4,35544.0,1
213,9,76,4,3,30,36634.0,0
539,30,92,80,46,38,62670.0,0
284,16,160,84,16,134,50334.0,0
1003,34,536,134,51,34,72066.0,0
239,13,143,45,4,52,50729.0,1
51,23,82,33,0,42,34916.0,2
527,24,230,32,24,65,64892.0,0
19,5,12,10,3,19,43602.0,1
40,2,15,8,0,6,33996.0,0
21,8,20,15,3,9,41473.0,1
593,30,91,29,22,7,63246.0,0
21,5,3,10,1,7,36732.0,1
1181,107,199,39,30,30,69084.0,1
1004,59,265,115,59,27,77766.0,0
202,2,46,3,2,10,37929.0,0
446,107,768,33,196,53,86610.0,0
1184,102,673,52,40,40,80141.0,0
390,22,323,104,35,107,72635.0,0
726,53,363,123,107,161,69016.0,0
8,8,22,24,11,9,20193.0,0
50,15,110,39,15,15,27573.0,1
1,1,4,11,9,10,15862.0,1
308,0,73,0,0,23,49544.0,1
22,2,31,7,4,5,33228.0,1
690,117,499,76,102,88,70440.0,0
43,5,28,7,6,33,38232.0,1
27,0,10,0,0,4,22554.0,1
6,0,3,0,0,1,23536.0,1
205,7,41,3,2,46,49413.0,0
24,0,8,0,1,4,42231.0,1
667,50,850,21,83,83,78789.0,0
691,7,61,10,0,46,56534.0,0
493,26,206,116,80,80,58350.0,0
493,70,324,146,40,84,81217.0,0
494,5,82,7,0,100,49090.0,0
621,73,414,78,48,85,61787.0,0
9,0,5,0,0,7,18169.0,1
1,6,2,8,2,12,24336.0,1
12,4,19,12,6,14,18222.0,0
243,131,217,85,6,26,62335.0,0
11,1,4,2,0,7,42033.0,1
532,21,127,26,20,20,86580.0,0
29,0,2,0,0,1,41437.0,1
612,91,520,258,107,107,73705.0,0
387,126,342,0,45,180,61064.0,0
56,0,14,0,0,2,38452.0,1
6,8,19,16,4,4,18358.0,1
582,0,65,0,0,13,55012.0,0
6,17,16,6,16,42,9722.0,1
70,6,69,2,3,3,38175.0,1
962,12,194,16,24,12,58656.0,0
112,10,107,30,0,20,52117.0,0
293,0,124,179,97,52,64813.0,1
199,12,31,3,12,7,54222.0,0
1060,61,835,80,20,101,83512.0,0
940,44,396,0,88,58,77520.0,0
44,2,11,2,3,7,41154.0,0
342,51,936,207,35,26,80398.0,0
2,10,11,12,9,20,18746.0,1
75,12,141,43,39,187,35196.0,1
520,20,367,39,81,40,60230.0,0
5,3,9,6,2,6,22108.0,1
87,5,71,7,12,29,44392.0,1
462,61,184,10,53,107,55424.0,0
2,2,1,3,1,2,17688.0,1
979,44,935,29,25,22,92491.0,0
704,129,853,120,74,111,90273.0,0
861,31,558,62,95,79,82571.0,0
172,3,115,16,0,18,38513.0,1
5,7,31,15,4,7,16653.0,1
194,2,56,0,0,0,42586.0,1
9,7,13,3,2,20,23529.0,0
505,72,270,36,27,54,74881.0,1
533,10,217,198,174,195,71107.0,0
48,0,14,0,0,6,46910.0,1
6,1,7,23,4,19,18690.0,0
18,2,10,0,0,25,37244.0,1
482,147,509,104,107,107,82427.0,0
204,97,97,21,118,26,75342.0,0
1073,0,250,153,14,14,70044.0,0
245,16,223,21,43,16,79146.0,1
560,21,442,29,44,29,77437.0,0
173,13,131,32,3,6,54984.0,0
22,1,11,0,5,3,42403.0,1
136,1,12,0,3,32,55761.0,0
275,0,86,10,23,66,37292.0,1
56,19,29,2,14,25,45576.0,0
303,23,751,82,26,191,70321.0,0
708,7,62,0,0,15,58086.0,0
324,132,693,27,118,88,81795.0,0
1,5,3,7,4,8,28389.0,0
620,26,195,34,17,141,66835.0,0
312,21,206,102,92,149,69901.0,0
1493,86,454,112,43,43,80360.0,0
918,21,118,13,10,21,63342.0,0
98,0,106,49,10,106,44989.0,0
3,4,7,15,8,11,31859.0,1
380,0,47,6,0,34,51569.0,0
15,0,12,7,3,7,30372.0,1
3,9,4,7,8,7,16014.0,1
24,2,23,0,8,24,41120.0,1
80,1,60,4,6,16,39763.0,1
31,0,6,2,1,5,38725.0,1
138,120,204,16,126,60,77981.0,1
166,75,96,119,107,59,62905.0,0
12,3,8,8,0,17,13533.0,1
178,3,85,71,66,58,59481.0,0
707,20,171,65,60,50,72117.0,0
5,1,7,17,14,11,21955.0,1
465,71,250,93,35,62,67131.0,0
16,1,2,0,0,1,36802.0,1
358,108,413,141,97,32,71853.0,0
1,9,7,2,14,10,28249.0,0
123,1,26,2,0,72,47808.0,0
40,3,30,10,7,11,25509.0,1
102,9,63,2,9,24,51012.0,0
347,44,534,17,0,26,70596.0,0
376,53,462,168,53,53,85431.0,0
21,0,3,0,0,0,42664.0,0
194,2,56,0,0,0,42586.0,1
64,4,68,7,5,17,29760.0,1
206,0,46,3,2,12,28973.0,0
71,0,18,0,0,13,39435.0,1
71,22,112,138,89,29,65370.0,0
0,4,7,11,10,15,20194.0,1
93,1,21,0,4,25,42473.0,1
920,138,168,36,46,30,64590.0,0
653,17,170,34,26,17,71232.0,0
199,33,60,8,3,15,34600.0,1
153,4,56,0,9,31,46904.0,1
376,0,38,11,8,69,49094.0,0
46,0,30,12,1,30,36075.0,1
600,21,128,223,150,128,60839.0,1
425,115,292,23,35,79,77298.0,0
18,6,15,12,8,17,34026.0,1
52,0,9,0,0,1,48918.0,1
734,22,350,151,25,100,82122.0,0
34,6,21,11,4,8,37697.0,1
135,1,41,10,1,67,34074.0,1
11,0,10,0,2,20,28520.0,1
163,48,90,0,45,52,62535.0,0
29,3,30,3,2,9,36273.0,1
734,26,70,11,44,17,63404.0,0
340,21,134,258,14,56,75774.0,1
453,38,279,188,38,183,78416.0,0
1073,0,629,145,37,37,75702.0,0
135,0,10,0,4,36,59385.0,1
231,7,137,4,15,39,37070.0,1
18,0,5,0,0,11,44689.0,1
620,16,165,0,24,82,53977.0,0
81,4,33,5,2,291,7144.0,0
12,4,2,10,6,10,18701.0,1
292,51,981,224,23,17,90369.0,0
965,34,586,89,86,37,63159.0,0
27,2,10,0,0,1,37758.0,1
777,30,163,0,51,122,46757.0,0
572,8,232,23,62,17,79734.0,0
438,169,565,91,169,70,63207.0,0
531,69,300,150,138,150,72071.0,0
17,0,9,0,0,1,21840.0,1
402,35,106,101,77,42,58582.0,0
503,27,419,90,139,153,72282.0,0
369,9,87,12,14,34,50387.0,0
5,0,3,0,0,1,32583.0,1
362,17,398,80,35,61,62568.0,0
56,0,9,0,0,3,44635.0,1
79,1,31,4,4,12,33316.0,1
387,84,141,73,35,162,63967.0,0
367,17,241,104,188,232,52513.0,0
15,0,11,0,2,9,25293.0,1
267,6,54,8,3,50,54111.0,0
298,27,697,216,24,166,78394.0,0
674,92,736,39,0,92,80739.0,0
16,14,36,37,22,48,22669.0,1
37,4,24,16,9,9,29236.0,1
159,0,22,2,1,31,44911.0,0
686,17,142,23,26,35,54693.0,0
97,3,66,12,7,34,48186.0,1
63,6,57,13,13,22,54809.0,1
56,5,24,4,0,3,41580.0,1
209,19,456,160,142,66,80336.0,0
198,2,43,0,12,20,47743.0,0
313,15,47,20,0,192,62972.0,0
941,14,397,76,58,176,57333.0,0
86,4,56,2,4,7,32313.0,1
167,48,602,63,72,72,84953.0,0
8,3,19,0,2,3,27071.0,1
389,66,408,37,57,85,68148.0,0
239,7,119,4,15,11,65735.0,1
179,21,273,0,21,63,86836.0,0
5,0,1,1,1,1,4023.0,1
2,6,28,13,4,16,30093.0,0
383,0,53,6,4,40,57705.0,0
2,8,8,6,1,9,25008.0,1
536,27,590,38,107,67,83257.0,0
2,1,4,3,1,2,22280.0,1
322,53,899,34,40,53,72159.0,0
539,169,816,20,0,30,64260.0,0
712,50,420,65,38,38,82733.0,0
1121,0,72,0,12,12,74290.0,0
68,1,13,3,5,13,58217.0,2
36,4,18,6,2,18,21024.0,0
707,44,603,95,58,29,70116.0,0
174,77,203,6,24,97,54006.0,1
666,35,124,69,8,26,69063.0,0
0,0,0,6,2,6,11448.0,0
162,50,100,55,30,27,61825.0,0
407,70,239,103,88,53,70886.0,1
823,25,459,124,29,95,69109.0,0
488,23,71,15,0,59,60208.0,1
28,0,13,4,2,8,32889.0,1
3,2,10,3,0,2,34738.0,1
284,0,52,8,3,20,30538.0,1
938,142,754,159,81,183,82326.0,0
13,2,15,2,2,8,26642.0,1
412,172,153,150,105,57,69932.0,0
31,1,8,0,0,8,44503.0,1
502,19,132,0,6,26,60200.0,0
18,10,3,3,5,0,49638.0,0
1,8,6,4,8,16,23830.0,0
100,71,243,108,94,219,33051.0,0
407,114,445,181,165,203,72905.0,0
664,9,240,50,19,57,69702.0,0
1045,61,338,60,46,46,70300.0,1
1218,107,304,23,143,33,70643.0,0
15,0,6,0,1,12,30396.0,1
128,0,16,0,1,4,50616.0,0
581,49,157,43,8,108,62772.0,0
6,3,12,6,1,0,30298.0,0
185,8,133,56,56,12,52413.0,1
22,1,9,0,0,14,44155.0,1
584,100,835,65,83,35,86979.0,0
355,30,177,90,138,30,76532.0,1
175,10,110,54,6,27,42081.0,1
864,134,768,150,38,172,67546.0,0
957,153,612,99,95,153,88420.0,0
25,6,16,20,0,5,31158.0,1
641,7,56,0,0,28,61671.0,0
273,86,208,177,14,43,69719.0,0
122,21,43,25,10,15,49160.0,0
1,4,10,29,0,36,24882.0,1
1020,31,430,62,63,79,90933.0,0
6,2,3,1,262,3,113734.0,0
378,14,68,19,14,14,59292.0,0
42,1,18,3,0,4,45759.0,1
15,5,14,0,4,11,22148.0,0
272,7,80,20,7,11,73395.0,0
9,1,24,2,1,2,29819.0,1
279,0,18,0,0,9,45688.0,0
398,61,265,138,61,53,62820.0,0
637,47,237,12,19,76,60491.0,0
45,0,16,2,1,6,33235.0,1
21,1,9,7,3,5,35701.0,0
15,4,13,0,0,19,31535.0,1
493,183,352,184,23,28,92556.0,0
957,40,175,158,53,107,67384.0,0
829,138,430,60,92,15,80573.0,0
1017,50,500,65,50,133,77870.0,0
953,0,71,0,0,174,52278.0,0
159,0,120,0,0,137,57107.0,0
32,0,8,23,4,18,18929.0,0
23,0,15,0,2,7,36038.0,1
18,42,24,15,20,18,20180.0,0
15,0,4,0,0,2,34230.0,1
23,4,5,10,5,23,31878.0,0
200,193,100,46,185,185,70932.0,0
1324,27,119,71,108,27,91249.0,0
1193,33,281,129,66,33,77598.0,0
505,137,401,104,22,22,80982.0,1
2,4,9,0,4,5,22701.0,1
1103,0,45,0,0,34,55212.0,0
353,61,753,40,46,27,70617.0,0
652,48,350,94,84,108,64849.0,0
379,6,157,25,91,91,62694.0,1
46,4,36,2,2,1,61917.0,1
162,31,127,8,17,69,67472.0,0
8,3,19,3,3,8,21059.0,1
17,3,18,3,4,18,29543.0,2
340,108,185,130,38,100,75903.0,0
8,4,15,3,5,3,34984.0,1
154,22,202,39,30,8,54998.0,0
710,15,30,20,0,0,54356.0,0
8,2,4,0,0,1,34242.0,0
2,2,4,13,13,4,25410.0,1
1050,14,322,0,14,112,73356.0,0
19,1,14,3,2,4,28320.0,0
22,0,6,6,2,6,23763.0,1
274,83,216,151,141,224,72570.0,0
68,6,38,3,6,41,34529.0,1
344,45,654,104,11,114,70792.0,0
145,193,459,205,26,145,63211.0,0
217,38,350,111,85,15,83891.0,0
18,7,34,10,2,3,36065.0,1
69,8,26,12,7,12,39898.0,0
144,0,7,0,0,6,51141.0,0
256,34,103,90,29,49,56939.0,0
483,72,567,94,12,108,80872.0,0
1285,105,653,28,21,0,72335.0,0
338,4,89,11,8,13,61798.0,0
605,10,345,84,54,32,76842.0,0
8,0,7,3,1,1,29478.0,1
172,41,86,45,6,27,46998.0,0
448,71,951,40,17,17,96843.0,0
67,4,32,17,2,16,56551.0,1
512,53,98,81,179,89,70053.0,0
1462,16,128,0,0,160,71670.0,0
20,0,14,7,3,1,44359.0,1
50,4,44,10,10,43,40887.0,1
102,1,15,2,0,24,48877.0,0
499,149,815,173,49,49,74485.0,0
381,35,172,56,86,93,64474.0,0
631,43,239,128,76,21,77226.0,0
526,80,553,123,94,53,72643.0,0
913,26,376,17,26,13,85738.0,0
673,0,199,37,47,26,55686.0,0
23,0,9,0,0,12,39062.0,1
199,33,60,8,3,15,34600.0,1
261,23,73,4,23,50,40794.0,0
111,16,37,7,9,18,54690.0,1
16,4,12,2,4,321,4428.0,0
63,151,137,153,19,53,32632.0,0
58,0,18,2,0,10,38236.0,1
29,1,17,0,3,13,36781.0,1
3,2,12,0,1,9,31385.0,1
28,34,62,11,14,44,24570.0,1
40,3,30,10,7,11,25509.0,1
879,143,797,106,143,143,94642.0,0
62,1,44,6,5,22,58646.0,0
280,7,81,20,0,27,53201.0,1
9,0,6,3,1,3,21994.0,0
182,4,33,0,2,42,57113.0,1
83,2,101,64,26,117,51373.0,0
38,15,54,3,8,29,23477.0,1
228,19,130,4,11,51,58116.0,0
1092,37,592,145,37,55,72968.0,0
85,15,27,13,13,21,39791.0,0
1276,24,746,94,29,48,91712.0,0
1017,33,417,108,100,16,94472.0,0
6,2,9,2,1,5,13672.0,1
448,21,125,52,101,62,96547.0,0
504,23,117,179,28,44,79205.0,0
226,22,133,41,31,31,56559.0,0
239,3,141,0,7,23,32644.0,1
90,38,67,33,36,67,67506.0,0
7,2,8,3,2,3,24206.0,1
4,2,5,2,0,0,28420.0,1
16,17,19,20,21,22,22979.0,1
10,3,3,0,0,0,33279.0,0
68,0,16,0,0,8,46423.0,1
35,0,13,2,0,2,30368.0,0
575,80,428,208,93,80,63684.0,0
315,0,31,4,0,91,41638.0,0
182,2,49,17,13,20,68805.0,0
561,14,113,10,14,35,65814.0,0
587,51,932,180,34,86,71964.0,0
94,1,33,13,12,12,39146.0,1
908,43,735,40,194,21,96876.0,0
228,122,122,208,129,30,34445.0,0
995,112,417,42,48,41,68281.0,0
11,1,2,2,1,6,37284.0,1
3,3,14,15,21,10,36790.0,0
12,1,16,4,1,3,27943.0,1
17,0,2,0,0,2,22263.0,1
8,0,5,0,3,6,30261.0,1
22,4,17,12,10,13,28587.0,1
14,10,29,4,7,15,43815.0,1
106,27,68,52,7,5,48195.0,1
820,57,242,45,0,11,77027.0,0
753,43,226,69,10,204,71322.0,0
13,3,17,7,3,3,32765.0,1
9,1,3,0,4,8,29672.0,1
19,3,6,4,2,12,23272.0,0
520,8,223,32,49,42,49912.0,0
5,17,17,13,14,34,7500.0,1
618,44,215,0,17,36,68117.0,0
315,35,322,46,7,143,67225.0,0
15,1,23,0,5,1,17649.0,1
384,60,364,119,101,232,55914.0,0
110,29,92,28,10,145,40059.0,1
208,17,76,36,17,38,60905.0,0
555,82,257,93,61,61,75330.0,1
240,90,216,63,6,24,60689.0,0
11,0,36,15,5,12,38680.0,1
848,154,323,201,61,78,61416.0,0
202,47,197,55,42,149,49767.0,0
433,89,650,16,102,102,83273.0,1
6,6,15,10,5,2,29009.0,1
37,0,7,3,0,3,45057.0,1
167,37,64,49,34,116,37150.0,1
45,7,99,4,25,43,43020.0,1
129,0,21,0,1,7,53154.0,0
713,0,264,120,80,34,65308.0,0
676,161,426,210,44,58,76467.0,1
450,26,535,73,98,26,81044.0,0
22,2,12,0,2,5,32871.0,1
367,4,51,6,4,95,55801.0,1
526,35,214,69,53,35,76320.0,0
51,0,16,0,0,4,36927.0,1
25,0,11,3,0,15,48794.0,1
28,6,27,12,17,39,23478.0,0
958,159,447,20,0,31,71128.0,1
532,88,168,69,44,133,70179.0,0
724,17,143,0,8,196,59462.0,0
39,0,56,20,8,14,38361.0,1
587,54,348,71,54,130,70038.0,0
29,1,11,0,0,0,42554.0,1
757,80,217,29,80,11,67445.0,0
544,35,133,23,151,107,67046.0,0
40,15,15,17,6,7,42192.0,0
1245,33,332,21,33,16,77610.0,0
19,1,20,16,14,28,31761.0,1
16,3,15,2,1,11,34350.0,1
376,4,94,12,9,24,54591.0,0
184,178,178,103,39,33,71866.0,0
15,0,11,0,2,9,25293.0,1
124,83,267,85,59,35,42000.0,0
627,120,414,121,80,93,69520.0,0
180,60,241,13,54,54,64713.0,1
14,0,4,0,0,8,27889.0,1
3,3,24,34,7,31,22123.0,0
8,26,46,38,9,49,27803.0,1
293,6,23,13,6,92,51651.0,0
758,12,385,33,89,89,68487.0,0
656,38,161,62,47,37,56796.0,0
196,25,607,67,17,49,87000.0,0
835,73,380,114,73,43,79823.0,0
16,11,15,2,0,12,30828.0,1
9,1,5,2,1,4,34109.0,0
229,7,140,10,3,11,53367.0,1
0,1,4,15,1,5,22390.0,0
121,24,124,24,15,42,71322.0,0
471,102,125,212,61,245,79244.0,0
520,8,223,32,49,42,49912.0,0
26,1,10,2,0,1,48699.0,1
240,132,445,250,192,108,80144.0,0
178,4,26,8,4,44,54252.0,1
1486,55,278,49,0,185,81929.0,1
1115,12,128,33,12,76,76068.0,0
29,0,8,2,0,6,53204.0,1
529,0,356,63,28,0,67911.0,0
13,3,8,7,4,16,14796.0,1
934,24,230,16,24,36,78128.0,0
2,7,11,16,12,27,14188.0,0
4,12,5,3,16,17,20425.0,1
62,1,44,6,5,22,58646.0,0
158,35,179,0,0,125,72967.0,0
173,2,39,3,2,47,48150.0,0
830,59,968,51,79,19,82332.0,0
189,10,253,56,43,64,58275.0,1
728,17,133,11,8,124,44953.0,0
7,2,9,2,0,2,34587.0,1
35,4,17,7,6,64,43018.0,0
188,3,180,20,3,43,45736.0,0
742,28,152,25,9,57,66476.0,0
0,7,5,26,2,17,27733.0,1
750,71,174,13,10,20,69805.0,0
816,42,450,55,56,154,72217.0,0
5,2,8,2,2,9,25818.0,1
37,5,56,12,8,5,37509.0,1
4,0,4,0,0,5,25176.0,1
99,2,11,4,0,16,43586.0,0
176,72,98,136,21,229,53230.0,0
54,0,10,0,0,2,50116.0,1
997,15,414,99,30,76,84906.0,0
356,0,107,19,9,117,61286.0,0
1311,0,359,46,89,17,82333.0,0
890,63,292,0,25,12,65220.0,0
4,0,2,0,0,2,33590.0,2
17,0,14,7,3,2,30992.0,1
960,0,883,50,38,0,72309.0,0
2,1,2,1,1,1,156924.0,0
1,3,2,20,30,47,16005.0,1
240,67,500,199,0,163,65487.0,0
301,11,61,4,7,11,58692.0,0
154,0,50,6,11,37,40590.0,1
2,3,6,4,1,9,20587.0,1
104,12,48,4,12,5,62637.0,0
70,3,37,4,2,64,29435.0,1
2,0,9,3,6,2,19346.0,1
23,2,11,3,1,4,35788.0,1
43,4,12,8,0,27,36997.0,1
4,24,11,16,1,25,23539.0,0
654,7,92,0,15,30,65333.0,0
912,72,170,47,36,97,78499.0,0
25,0,8,0,1,4,29732.0,1
24,4,22,0,2,9,41275.0,1
141,11,114,15,14,5,63516.0,1
71,0,13,3,1,0,42769.0,0
35,1,16,0,1,1,49572.0,1
496,32,849,229,48,128,69209.0,0
9,9,11,13,10,16,17148.0,1
154,0,50,6,11,37,40590.0,1
9,1,5,4,5,7,30560.0,1
26,3,23,4,7,3,32146.0,1
77,8,44,10,10,25,41713.0,1
11,2,7,4,2,2,34176.0,0
576,7,115,19,7,7,58482.0,0
89,15,89,34,42,5,59686.0,0
1013,30,399,60,46,153,60896.0,0
224,12,48,4,12,12,62994.0,1
200,19,111,50,15,19,47320.0,0
570,73,614,133,102,73,74859.0,0
1,3,3,8,1,13,15253.0,1
62,1,20,4,0,7,31560.0,1
531,69,300,150,138,150,72071.0,0
162,28,818,0,28,56,91172.0,0
675,144,133,94,192,241,90000.0,0
23,4,10,0,2,15,41967.0,1
492,5,32,13,5,21,69263.0,0
918,10,129,13,0,129,65706.0,0
224,155,155,192,93,54,60934.0,0
572,19,286,50,38,248,71965.0,0
626,0,70,0,7,28,65210.0,0
1074,37,518,193,92,129,79174.0,0
741,68,689,224,68,103,81380.0,0
322,3,50,4,3,42,48432.0,0
254,10,44,30,10,227,52914.0,0
116,6,82,6,6,41,38946.0,0
22,2,18,0,2,12,26067.0,1
516,0,21,0,0,5,44325.0,0
14,36,11,3,26,35,42523.0,0
2,8,10,12,14,23,26487.0,1
28,0,9,3,0,0,53233.0,0
530,142,217,62,9,56,67716.0,0
519,50,167,130,0,41,76234.0,0
611,76,749,59,45,26,84117.0,0
240,67,500,199,0,163,65487.0,0
4,9,12,11,2,8,25224.0,1
671,47,655,145,111,15,89616.0,0
23,1,7,0,4,24,40851.0,1
9,1,2,3,2,0,27469.0,0
556,54,845,202,133,63,82347.0,0
833,80,363,52,26,174,73803.0,0
12,0,13,4,2,4,8820.0,1
56,7,48,10,2,18,43322.0,0
293,8,124,11,4,106,55593.0,0
297,0,38,13,0,152,50501.0,1
39,1,16,2,0,3,37085.0,1
5,11,16,21,8,45,16185.0,1
266,21,300,65,8,44,57731.0,0
322,3,50,4,3,42,48432.0,0
366,124,156,71,78,54,73807.0,0
32,0,8,23,4,18,18929.0,0
158,0,23,0,0,18,35893.0,1
269,129,495,182,43,29,61014.0,0
41,0,10,0,0,3,32144.0,1
3,3,3,15,4,15,14918.0,0
33,0,5,0,0,15,45146.0,1
302,29,131,32,0,27,41769.0,0
519,71,860,93,27,53,88325.0,0
23,2,17,2,1,0,38054.0,1
594,51,631,72,55,32,80617.0,0
12,4,7,1,3,5,5305.0,0
4,2,5,0,0,5,36807.0,1
18,3,19,3,3,6,28427.0,1
332,194,377,149,125,57,82032.0,0
5,1,8,0,0,1,22775.0,1
171,3,129,26,24,62,40101.0,1
270,31,88,11,48,22,58025.0,0
712,26,538,69,13,80,75777.0,0
2,8,11,3,8,21,7500.0,1
21,12,12,0,3,3,33562.0,1
580,6,58,8,0,27,57642.0,0
368,24,68,38,0,88,58554.0,1
457,5,106,15,17,53,63777.0,1
229,7,137,4,0,91,57967.0,0
3,2,8,20,0,17,24434.0,2
24,3,26,7,1,23,11012.0,1
853,10,143,13,10,20,44802.0,0
5,1,6,3,4,3,26816.0,0
9,14,18,8,1,12,666666.0,1
3,3,7,6,2,9,34421.0,1
709,43,182,42,118,247,61223.0,0
406,0,30,0,0,8,64014.0,2
908,48,217,32,12,24,56981.0,0
428,30,214,80,30,61,69245.0,0
84,3,61,2,1,21,52869.0,1
